0;-19.9386;528.9096;15.4809;2013-06-04 08:35:13
2;-19.7248;506.0500;15.6871;2013-06-04 08:35:13
4;-19.4732;478.2237;15.9035;2013-06-04 08:35:13
6;-19.2480;455.4382;16.0437;2013-06-04 08:35:13
8;-18.9831;427.4605;16.1588;2013-06-04 08:35:13
10;-18.7141;396.8572;16.3021;2013-06-04 08:35:13
12;-18.4500;369.7967;16.3199;2013-06-04 08:35:13
14;-18.2385;346.0800;16.3241;2013-06-04 08:35:13
16;-17.9876;319.4811;16.2830;2013-06-04 08:35:13
18;-17.7246;288.9129;16.1942;2013-06-04 08:35:13
20;-17.4637;261.0511;16.0249;2013-06-04 08:35:13
22;-17.2549;238.4416;15.8557;2013-06-04 08:35:13
24;-17.0055;211.6441;15.6793;2013-06-04 08:35:13
26;-16.7484;186.7187;15.4768;2013-06-04 08:35:13
200;11.4329;-41.6101;-0.0742;2013-06-04 08:35:13
0;-19.7836;528.9172;15.4786;2013-06-04 08:40:08
2;-19.5836;506.0636;15.6949;2013-06-04 08:40:08
4;-19.3339;478.2356;15.9236;2013-06-04 08:40:08
6;-19.1153;455.4493;16.0701;2013-06-04 08:40:08
8;-18.8618;427.4713;16.1785;2013-06-04 08:40:08
10;-18.6008;396.8640;16.2730;2013-06-04 08:40:08
12;-18.3436;369.8064;16.2502;2013-06-04 08:40:08
14;-18.1376;346.0946;16.2538;2013-06-04 08:40:08
16;-17.8935;319.4982;16.2497;2013-06-04 08:40:08
18;-17.6431;288.9269;16.2099;2013-06-04 08:40:08
20;-17.3870;261.0625;16.0586;2013-06-04 08:40:08
22;-17.1866;238.4505;15.8844;2013-06-04 08:40:08
24;-16.9439;211.6526;15.6920;2013-06-04 08:40:08
26;-16.6942;186.7254;15.4755;2013-06-04 08:40:08
200;11.4245;-41.6110;-0.0745;2013-06-04 08:40:08
0;-19.7565;528.9183;15.4807;2013-06-04 08:43:34
2;-19.5599;506.0649;15.6909;2013-06-04 08:43:34
4;-19.3135;478.2368;15.9234;2013-06-04 08:43:34
6;-19.1025;455.4501;16.0677;2013-06-04 08:43:34
8;-18.8435;427.4720;16.1774;2013-06-04 08:43:34
10;-18.5846;396.8650;16.2729;2013-06-04 08:43:34
12;-18.3270;369.8074;16.2473;2013-06-04 08:43:34
14;-18.1238;346.0954;16.2568;2013-06-04 08:43:34
16;-17.8754;319.5000;16.2495;2013-06-04 08:43:34
18;-17.6244;288.9286;16.2099;2013-06-04 08:43:34
20;-17.3735;261.0637;16.0571;2013-06-04 08:43:34
22;-17.1693;238.4519;15.8844;2013-06-04 08:43:34
24;-16.9300;211.6539;15.6921;2013-06-04 08:43:34
26;-16.6826;186.7263;15.4764;2013-06-04 08:43:34
200;11.4220;-41.6112;-0.0745;2013-06-04 08:43:34
0;-19.7600;528.9181;15.4765;2013-06-04 08:48:27
2;-19.5588;506.0651;15.6897;2013-06-04 08:48:27
4;-19.3121;478.2369;15.9237;2013-06-04 08:48:27
6;-19.0977;455.4505;16.0646;2013-06-04 08:48:27
8;-18.8388;427.4723;16.1780;2013-06-04 08:48:27
10;-18.5858;396.8652;16.2726;2013-06-04 08:48:27
12;-18.3262;369.8075;16.2469;2013-06-04 08:48:27
14;-18.1207;346.0957;16.2531;2013-06-04 08:48:27
16;-17.8798;319.4995;16.2506;2013-06-04 08:48:27
18;-17.6314;288.9281;16.2088;2013-06-04 08:48:27
20;-17.3747;261.0635;16.0567;2013-06-04 08:48:27
22;-17.1735;238.4517;15.8846;2013-06-04 08:48:27
24;-16.9345;211.6536;15.6908;2013-06-04 08:48:27
26;-16.6865;186.7262;15.4760;2013-06-04 08:48:27
200;11.4233;-41.6112;-0.0746;2013-06-04 08:48:27
0;-19.7850;528.9168;15.4821;2013-06-04 09:09:35
2;-19.5834;506.0560;15.6799;2013-06-04 09:09:35
4;-19.3324;478.2294;15.8967;2013-06-04 09:09:35
6;-19.1134;455.4444;16.0380;2013-06-04 09:09:35
8;-18.8601;427.4681;16.1597;2013-06-04 09:09:35
10;-18.6055;396.8631;16.2985;2013-06-04 09:09:35
12;-18.3426;369.8029;16.3181;2013-06-04 09:09:35
14;-18.1385;346.0867;16.3235;2013-06-04 09:09:35
16;-17.8954;319.4875;16.2805;2013-06-04 09:09:35
18;-17.6437;288.9185;16.1930;2013-06-04 09:09:35
20;-17.3902;261.0569;16.0245;2013-06-04 09:09:35
22;-17.1847;238.4471;15.8551;2013-06-04 09:09:35
24;-16.9447;211.6495;15.6793;2013-06-04 09:09:35
26;-16.6948;186.7246;15.4769;2013-06-04 09:09:35
200;11.4244;-41.6111;-0.0745;2013-06-04 09:09:35
0;-19.7843;528.9166;15.4805;2013-06-04 09:15:47
2;-19.5851;506.0562;15.6826;2013-06-04 09:15:47
4;-19.3380;478.2290;15.8962;2013-06-04 09:15:47
6;-19.1171;455.4445;16.0346;2013-06-04 09:15:47
8;-18.8620;427.4679;16.1588;2013-06-04 09:15:47
10;-18.6047;396.8636;16.2995;2013-06-04 09:15:47
12;-18.3448;369.8032;16.3177;2013-06-04 09:15:47
14;-18.1401;346.0867;16.3229;2013-06-04 09:15:47
16;-17.8974;319.4874;16.2798;2013-06-04 09:15:47
18;-17.6428;288.9187;16.1915;2013-06-04 09:15:47
20;-17.3885;261.0573;16.0232;2013-06-04 09:15:47
22;-17.1858;238.4471;15.8533;2013-06-04 09:15:47
24;-16.9436;211.6493;15.6786;2013-06-04 09:15:47
26;-16.6963;186.7243;15.4772;2013-06-04 09:15:47
200;11.4250;-41.6109;-0.0745;2013-06-04 09:15:47
0;-19.7907;528.9164;15.4831;2013-06-04 09:20:46
2;-19.5931;506.0561;15.6797;2013-06-04 09:20:46
4;-19.3398;478.2293;15.8936;2013-06-04 09:20:46
6;-19.1237;455.4440;16.0363;2013-06-04 09:20:46
8;-18.8647;427.4678;16.1607;2013-06-04 09:20:46
10;-18.6051;396.8635;16.2984;2013-06-04 09:20:46
12;-18.3506;369.8025;16.3174;2013-06-04 09:20:46
14;-18.1431;346.0869;16.3232;2013-06-04 09:20:46
16;-17.8987;319.4874;16.2809;2013-06-04 09:20:46
18;-17.6469;288.9183;16.1929;2013-06-04 09:20:46
20;-17.3930;261.0567;16.0235;2013-06-04 09:20:46
22;-17.1899;238.4467;15.8540;2013-06-04 09:20:46
24;-16.9480;211.6490;15.6787;2013-06-04 09:20:46
26;-16.7004;186.7238;15.4766;2013-06-04 09:20:46
200;11.4251;-41.6108;-0.0743;2013-06-04 09:20:46
0;-19.8015;528.9149;15.4885;2013-06-04 09:41:53
2;-19.6024;506.0401;15.6366;2013-06-04 09:41:53
4;-19.3539;478.2188;15.7897;2013-06-04 09:41:53
6;-19.1335;455.4410;15.9307;2013-06-04 09:41:53
8;-18.8777;427.4674;16.1218;2013-06-04 09:41:53
10;-18.6188;396.8608;16.3315;2013-06-04 09:41:53
12;-18.3587;369.7965;16.3881;2013-06-04 09:41:53
14;-18.1516;346.0773;16.3920;2013-06-04 09:41:53
16;-17.9072;319.4739;16.3170;2013-06-04 09:41:53
18;-17.6545;288.9023;16.1559;2013-06-04 09:41:53
20;-17.4013;261.0450;15.9198;2013-06-04 09:41:53
22;-17.1992;238.4417;15.7411;2013-06-04 09:41:53
24;-16.9535;211.6491;15.6189;2013-06-04 09:41:53
26;-16.7038;186.7239;15.4772;2013-06-04 09:41:53
200;11.4258;-41.6109;-0.0744;2013-06-04 09:41:53
0;-19.8062;528.9152;15.4876;2013-06-04 09:46:49
2;-19.6000;506.0410;15.6284;2013-06-04 09:46:49
4;-19.3535;478.2194;15.7840;2013-06-04 09:46:49
6;-19.1338;455.4410;15.9282;2013-06-04 09:46:49
8;-18.8828;427.4673;16.1164;2013-06-04 09:46:49
10;-18.6174;396.8607;16.3346;2013-06-04 09:46:49
12;-18.3587;369.7965;16.3836;2013-06-04 09:46:49
14;-18.1512;346.0767;16.3891;2013-06-04 09:46:49
16;-17.9083;319.4736;16.3159;2013-06-04 09:46:49
18;-17.6553;288.9019;16.1542;2013-06-04 09:46:49
20;-17.4021;261.0442;15.9173;2013-06-04 09:46:49
22;-17.2010;238.4411;15.7394;2013-06-04 09:46:49
24;-16.9544;211.6486;15.6169;2013-06-04 09:46:49
26;-16.7033;186.7238;15.4776;2013-06-04 09:46:49
200;11.4259;-41.6105;-0.0746;2013-06-04 09:46:49
0;-19.8035;528.9153;15.4839;2013-06-04 09:52:20
2;-19.6010;506.0407;15.6303;2013-06-04 09:52:20
4;-19.3543;478.2195;15.7828;2013-06-04 09:52:20
6;-19.1355;455.4410;15.9286;2013-06-04 09:52:20
8;-18.8790;427.4675;16.1199;2013-06-04 09:52:20
10;-18.6181;396.8607;16.3316;2013-06-04 09:52:20
12;-18.3603;369.7968;16.3838;2013-06-04 09:52:20
14;-18.1504;346.0769;16.3906;2013-06-04 09:52:20
16;-17.9089;319.4733;16.3155;2013-06-04 09:52:20
18;-17.6547;288.9020;16.1529;2013-06-04 09:52:20
20;-17.4024;261.0443;15.9192;2013-06-04 09:52:20
22;-17.2002;238.4410;15.7385;2013-06-04 09:52:20
24;-16.9539;211.6484;15.6187;2013-06-04 09:52:20
26;-16.7028;186.7242;15.4788;2013-06-04 09:52:20
200;11.4263;-41.6107;-0.0746;2013-06-04 09:52:20
0;-19.8162;528.9243;15.4860;2013-06-04 10:14:56
2;-19.6122;506.0649;15.6843;2013-06-04 10:14:56
4;-19.3609;478.2373;15.8957;2013-06-04 10:14:56
6;-19.1404;455.4532;16.0348;2013-06-04 10:14:56
8;-18.8863;427.4753;16.1598;2013-06-04 10:14:56
10;-18.6252;396.8697;16.3015;2013-06-04 10:14:56
12;-18.3659;369.8085;16.3179;2013-06-04 10:14:56
14;-18.1562;346.0923;16.3263;2013-06-04 10:14:56
16;-17.9111;319.4913;16.2804;2013-06-04 10:14:56
18;-17.6584;288.9213;16.1921;2013-06-04 10:14:56
20;-17.4050;261.0589;16.0199;2013-06-04 10:14:56
22;-17.1997;238.4479;15.8496;2013-06-04 10:14:56
24;-16.9568;211.6503;15.6778;2013-06-04 10:14:56
26;-16.7070;186.7275;15.4777;2013-06-04 10:14:56
200;11.4263;-41.6114;-0.0745;2013-06-04 10:14:56
0;-19.8141;528.9242;15.4887;2013-06-04 10:19:01
2;-19.6094;506.0652;15.6848;2013-06-04 10:19:01
4;-19.3619;478.2375;15.8933;2013-06-04 10:19:01
6;-19.1449;455.4523;16.0329;2013-06-04 10:19:01
8;-18.8894;427.4749;16.1584;2013-06-04 10:19:01
10;-18.6249;396.8701;16.3010;2013-06-04 10:19:01
12;-18.3698;369.8080;16.3251;2013-06-04 10:19:01
14;-18.1592;346.0916;16.3278;2013-06-04 10:19:01
16;-17.9177;319.4909;16.2849;2013-06-04 10:19:01
18;-17.6629;288.9211;16.1938;2013-06-04 10:19:01
20;-17.4079;261.0587;16.0213;2013-06-04 10:19:01
22;-17.2022;238.4477;15.8468;2013-06-04 10:19:01
24;-16.9581;211.6506;15.6770;2013-06-04 10:19:01
26;-16.7077;186.7267;15.4781;2013-06-04 10:19:01
200;11.4269;-41.6112;-0.0745;2013-06-04 10:19:01
0;-19.8131;528.9244;15.4804;2013-06-04 10:23:16
2;-19.6105;506.0654;15.6802;2013-06-04 10:23:16
4;-19.3647;478.2375;15.8952;2013-06-04 10:23:16
6;-19.1459;455.4527;16.0370;2013-06-04 10:23:16
8;-18.8888;427.4758;16.1587;2013-06-04 10:23:16
10;-18.6250;396.8702;16.2989;2013-06-04 10:23:16
12;-18.3697;369.8084;16.3210;2013-06-04 10:23:16
14;-18.1581;346.0917;16.3248;2013-06-04 10:23:16
16;-17.9148;319.4912;16.2842;2013-06-04 10:23:16
18;-17.6614;288.9213;16.1933;2013-06-04 10:23:16
20;-17.4052;261.0591;16.0190;2013-06-04 10:23:16
22;-17.2015;238.4479;15.8481;2013-06-04 10:23:16
24;-16.9570;211.6509;15.6760;2013-06-04 10:23:16
26;-16.7081;186.7271;15.4775;2013-06-04 10:23:16
200;11.4269;-41.6113;-0.0746;2013-06-04 10:23:16
0;-19.8202;528.9242;15.4882;2013-06-04 10:36:15
2;-19.6203;506.0651;15.6852;2013-06-04 10:36:15
4;-19.3726;478.2373;15.8961;2013-06-04 10:36:15
6;-19.1534;455.4527;16.0355;2013-06-04 10:36:15
8;-18.8897;427.4761;16.1638;2013-06-04 10:36:15
10;-18.6318;396.8703;16.3016;2013-06-04 10:36:15
12;-18.3691;369.8088;16.3204;2013-06-04 10:36:15
14;-18.1608;346.0922;16.3264;2013-06-04 10:36:15
16;-17.9183;319.4910;16.2832;2013-06-04 10:36:15
18;-17.6654;288.9211;16.1899;2013-06-04 10:36:15
20;-17.4097;261.0593;16.0181;2013-06-04 10:36:15
22;-17.2037;238.4476;15.8485;2013-06-04 10:36:15
24;-16.9591;211.6504;15.6759;2013-06-04 10:36:15
26;-16.7094;186.7267;15.4785;2013-06-04 10:36:15
200;11.4270;-41.6113;-0.0743;2013-06-04 10:36:15
0;-19.8265;528.9239;15.4859;2013-06-04 10:48:36
2;-19.6224;506.0689;15.6928;2013-06-04 10:48:36
4;-19.3741;478.2405;15.9172;2013-06-04 10:48:36
6;-19.1570;455.4541;16.0590;2013-06-04 10:48:36
8;-18.8947;427.4759;16.1762;2013-06-04 10:48:36
10;-18.6341;396.8680;16.2858;2013-06-04 10:48:36
12;-18.3785;369.8093;16.2820;2013-06-04 10:48:36
14;-18.1663;346.0955;16.2943;2013-06-04 10:48:36
16;-17.9231;319.4939;16.2765;2013-06-04 10:48:36
18;-17.6669;288.9191;16.1798;2013-06-04 10:48:36
20;-17.4117;261.0557;15.9663;2013-06-04 10:48:36
22;-17.2080;238.4496;15.7818;2013-06-04 10:48:36
24;-16.9627;211.6550;15.6392;2013-06-04 10:48:36
26;-16.7111;186.7270;15.4784;2013-06-04 10:48:36
200;11.4273;-41.6113;-0.0744;2013-06-04 10:48:36
0;-19.8265;528.9230;15.4887;2013-06-04 10:53:49
2;-19.6218;506.0683;15.6957;2013-06-04 10:53:49
4;-19.3689;478.2402;15.9175;2013-06-04 10:53:49
6;-19.1539;455.4539;16.0592;2013-06-04 10:53:49
8;-18.8947;427.4754;16.1763;2013-06-04 10:53:49
10;-18.6349;396.8681;16.2861;2013-06-04 10:53:49
12;-18.3755;369.8091;16.2821;2013-06-04 10:53:49
14;-18.1674;346.0954;16.2942;2013-06-04 10:53:49
16;-17.9236;319.4936;16.2772;2013-06-04 10:53:49
18;-17.6664;288.9182;16.1826;2013-06-04 10:53:49
20;-17.4107;261.0554;15.9660;2013-06-04 10:53:49
22;-17.2073;238.4491;15.7823;2013-06-04 10:53:49
24;-16.9617;211.6547;15.6396;2013-06-04 10:53:49
26;-16.7120;186.7271;15.4781;2013-06-04 10:53:49
200;11.4275;-41.6112;-0.0746;2013-06-04 10:53:49
0;-19.8255;528.9236;15.4863;2013-06-04 10:57:28
2;-19.6194;506.0689;15.6954;2013-06-04 10:57:28
4;-19.3731;478.2405;15.9158;2013-06-04 10:57:28
6;-19.1539;455.4541;16.0596;2013-06-04 10:57:28
8;-18.8935;427.4754;16.1778;2013-06-04 10:57:28
10;-18.6321;396.8680;16.2831;2013-06-04 10:57:28
12;-18.3744;369.8090;16.2838;2013-06-04 10:57:28
14;-18.1658;346.0954;16.2933;2013-06-04 10:57:28
16;-17.9195;319.4940;16.2771;2013-06-04 10:57:28
18;-17.6681;288.9182;16.1815;2013-06-04 10:57:28
20;-17.4098;261.0558;15.9677;2013-06-04 10:57:28
22;-17.2071;238.4490;15.7848;2013-06-04 10:57:28
24;-16.9618;211.6550;15.6383;2013-06-04 10:57:28
26;-16.7136;186.7271;15.4786;2013-06-04 10:57:28
200;11.4275;-41.6112;-0.0741;2013-06-04 10:57:28
0;-19.8483;528.9213;15.4904;2013-06-04 11:16:46
2;-19.6418;506.0636;15.6565;2013-06-04 11:16:46
4;-19.3887;478.2407;15.8316;2013-06-04 11:16:46
6;-19.1739;455.4593;15.9827;2013-06-04 11:16:46
8;-18.9115;427.4829;16.1491;2013-06-04 11:16:46
10;-18.6501;396.8705;16.2978;2013-06-04 11:16:46
12;-18.3873;369.8087;16.2911;2013-06-04 11:16:46
14;-18.1826;346.0938;16.2907;2013-06-04 11:16:46
16;-17.9340;319.4959;16.2662;2013-06-04 11:16:46
18;-17.6797;288.9239;16.2081;2013-06-04 11:16:46
20;-17.4214;261.0598;16.0444;2013-06-04 11:16:46
22;-17.2150;238.4474;15.8696;2013-06-04 11:16:46
24;-16.9704;211.6493;15.6886;2013-06-04 11:16:46
26;-16.7194;186.7261;15.4787;2013-06-04 11:16:46
200;11.4282;-41.6109;-0.0743;2013-06-04 11:16:46
0;-19.8442;528.9218;15.4945;2013-06-04 11:23:11
2;-19.6446;506.0643;15.6552;2013-06-04 11:23:11
4;-19.3862;478.2410;15.8328;2013-06-04 11:23:11
6;-19.1726;455.4598;15.9814;2013-06-04 11:23:11
8;-18.9158;427.4828;16.1479;2013-06-04 11:23:11
10;-18.6480;396.8709;16.2982;2013-06-04 11:23:11
12;-18.3887;369.8081;16.2921;2013-06-04 11:23:11
14;-18.1803;346.0939;16.2903;2013-06-04 11:23:11
16;-17.9308;319.4959;16.2647;2013-06-04 11:23:11
18;-17.6764;288.9244;16.2060;2013-06-04 11:23:11
20;-17.4179;261.0606;16.0436;2013-06-04 11:23:11
22;-17.2145;238.4472;15.8699;2013-06-04 11:23:11
24;-16.9703;211.6497;15.6870;2013-06-04 11:23:11
26;-16.7205;186.7258;15.4792;2013-06-04 11:23:11
200;11.4286;-41.6111;-0.0742;2013-06-04 11:23:11
0;-19.8407;528.9221;15.4935;2013-06-04 11:38:03
2;-19.6393;506.0652;15.6586;2013-06-04 11:38:03
4;-19.3887;478.2419;15.8372;2013-06-04 11:38:03
6;-19.1744;455.4602;15.9812;2013-06-04 11:38:03
8;-18.9086;427.4830;16.1509;2013-06-04 11:38:03
10;-18.6490;396.8710;16.3008;2013-06-04 11:38:03
12;-18.3847;369.8088;16.2938;2013-06-04 11:38:03
14;-18.1747;346.0945;16.2908;2013-06-04 11:38:03
16;-17.9296;319.4966;16.2666;2013-06-04 11:38:03
18;-17.6744;288.9246;16.2096;2013-06-04 11:38:03
20;-17.4177;261.0601;16.0469;2013-06-04 11:38:03
22;-17.2118;238.4478;15.8713;2013-06-04 11:38:03
24;-16.9698;211.6495;15.6869;2013-06-04 11:38:03
26;-16.7175;186.7263;15.4814;2013-06-04 11:38:03
200;11.4283;-41.6110;-0.0742;2013-06-04 11:38:03
0;-19.8763;528.9192;15.4886;2013-06-04 11:50:59
2;-19.6680;506.0651;15.6832;2013-06-04 11:50:59
4;-19.4173;478.2369;15.8977;2013-06-04 11:50:59
6;-19.1959;455.4515;16.0351;2013-06-04 11:50:59
8;-18.9370;427.4738;16.1642;2013-06-04 11:50:59
10;-18.6703;396.8681;16.3032;2013-06-04 11:50:59
12;-18.4104;369.8065;16.3181;2013-06-04 11:50:59
14;-18.2016;346.0895;16.3236;2013-06-04 11:50:59
16;-17.9516;319.4881;16.2844;2013-06-04 11:50:59
18;-17.6954;288.9180;16.1921;2013-06-04 11:50:59
20;-17.4377;261.0552;16.0192;2013-06-04 11:50:59
22;-17.2285;238.4442;15.8499;2013-06-04 11:50:59
24;-16.9822;211.6453;15.6786;2013-06-04 11:50:59
26;-16.7304;186.7251;15.4788;2013-06-04 11:50:59
200;11.4305;-41.6109;-0.0745;2013-06-04 11:50:59
0;-19.8822;528.9190;15.4937;2013-06-04 11:56:48
2;-19.6731;506.0650;15.6871;2013-06-04 11:56:48
4;-19.4265;478.2369;15.9025;2013-06-04 11:56:48
6;-19.2044;455.4516;16.0368;2013-06-04 11:56:48
8;-18.9421;427.4737;16.1625;2013-06-04 11:56:48
10;-18.6728;396.8681;16.3057;2013-06-04 11:56:48
12;-18.4141;369.8059;16.3226;2013-06-04 11:56:48
14;-18.2027;346.0890;16.3316;2013-06-04 11:56:48
16;-17.9560;319.4882;16.2853;2013-06-04 11:56:48
18;-17.6989;288.9179;16.1934;2013-06-04 11:56:48
20;-17.4378;261.0550;16.0216;2013-06-04 11:56:48
22;-17.2295;238.4439;15.8512;2013-06-04 11:56:48
24;-16.9827;211.6458;15.6788;2013-06-04 11:56:48
26;-16.7316;186.7252;15.4788;2013-06-04 11:56:48
200;11.4305;-41.6108;-0.0743;2013-06-04 11:56:48
0;-19.8782;528.9190;15.4875;2013-06-04 12:01:36
2;-19.6743;506.0658;15.6846;2013-06-04 12:01:36
4;-19.4185;478.2373;15.8919;2013-06-04 12:01:36
6;-19.1941;455.4523;16.0345;2013-06-04 12:01:36
8;-18.9339;427.4744;16.1605;2013-06-04 12:01:36
10;-18.6711;396.8685;16.3005;2013-06-04 12:01:36
12;-18.4150;369.8061;16.3181;2013-06-04 12:01:36
14;-18.2017;346.0895;16.3252;2013-06-04 12:01:36
16;-17.9520;319.4884;16.2834;2013-06-04 12:01:36
18;-17.6967;288.9182;16.1910;2013-06-04 12:01:36
20;-17.4363;261.0553;16.0191;2013-06-04 12:01:36
22;-17.2281;238.4438;15.8490;2013-06-04 12:01:36
24;-16.9814;211.6459;15.6779;2013-06-04 12:01:36
26;-16.7293;186.7249;15.4789;2013-06-04 12:01:36
200;11.4305;-41.6108;-0.0745;2013-06-04 12:01:36
0;-19.8859;528.9181;15.4900;2013-06-04 12:16:51
2;-19.6757;506.0634;15.6727;2013-06-04 12:16:51
4;-19.4282;478.2384;15.8618;2013-06-04 12:16:51
6;-19.2077;455.4543;16.0045;2013-06-04 12:16:51
8;-18.9418;427.4767;16.1564;2013-06-04 12:16:51
10;-18.6760;396.8687;16.3069;2013-06-04 12:16:51
12;-18.4179;369.8060;16.3239;2013-06-04 12:16:51
14;-18.2106;346.0890;16.3288;2013-06-04 12:16:51
16;-17.9552;319.4878;16.2887;2013-06-04 12:16:51
18;-17.7001;288.9154;16.1871;2013-06-04 12:16:51
20;-17.4428;261.0526;15.9937;2013-06-04 12:16:51
22;-17.2349;238.4439;15.8183;2013-06-04 12:16:51
24;-16.9874;211.6476;15.6610;2013-06-04 12:16:51
26;-16.7303;186.7256;15.4790;2013-06-04 12:16:51
200;11.4303;-41.6108;-0.0743;2013-06-04 12:16:51
0;-19.8758;528.9189;15.4892;2013-06-04 12:21:37
2;-19.6717;506.0643;15.6716;2013-06-04 12:21:37
4;-19.4203;478.2378;15.8704;2013-06-04 12:21:37
6;-19.2003;455.4547;16.0141;2013-06-04 12:21:37
8;-18.9394;427.4767;16.1579;2013-06-04 12:21:37
10;-18.6758;396.8681;16.3093;2013-06-04 12:21:37
12;-18.4132;369.8056;16.3274;2013-06-04 12:21:37
14;-18.2049;346.0892;16.3349;2013-06-04 12:21:37
16;-17.9542;319.4880;16.2905;2013-06-04 12:21:37
18;-17.6942;288.9151;16.1871;2013-06-04 12:21:37
20;-17.4394;261.0523;15.9958;2013-06-04 12:21:37
22;-17.2309;238.4444;15.8194;2013-06-04 12:21:37
24;-16.9851;211.6468;15.6624;2013-06-04 12:21:37
26;-16.7303;186.7258;15.4798;2013-06-04 12:21:37
200;11.4305;-41.6109;-0.0741;2013-06-04 12:21:37
0;-19.8710;528.9192;15.4872;2013-06-04 12:25:50
2;-19.6660;506.0648;15.6717;2013-06-04 12:25:50
4;-19.4256;478.2382;15.8659;2013-06-04 12:25:50
6;-19.1986;455.4548;16.0068;2013-06-04 12:25:50
8;-18.9361;427.4771;16.1598;2013-06-04 12:25:50
10;-18.6743;396.8685;16.3085;2013-06-04 12:25:50
12;-18.4119;369.8062;16.3271;2013-06-04 12:25:50
14;-18.2020;346.0891;16.3337;2013-06-04 12:25:50
16;-17.9560;319.4876;16.2922;2013-06-04 12:25:50
18;-17.6990;288.9147;16.1877;2013-06-04 12:25:50
20;-17.4410;261.0515;15.9934;2013-06-04 12:25:50
22;-17.2319;238.4437;15.8168;2013-06-04 12:25:50
24;-16.9858;211.6462;15.6590;2013-06-04 12:25:50
26;-16.7293;186.7252;15.4802;2013-06-04 12:25:50
200;11.4302;-41.6112;-0.0745;2013-06-04 12:25:50
0;-19.8967;528.9176;15.4846;2013-06-04 12:42:52
2;-19.6906;506.0627;15.6737;2013-06-04 12:42:52
4;-19.4378;478.2372;15.8640;2013-06-04 12:42:52
6;-19.2176;455.4531;16.0077;2013-06-04 12:42:52
8;-18.9536;427.4756;16.1525;2013-06-04 12:42:52
10;-18.6860;396.8666;16.3030;2013-06-04 12:42:52
12;-18.4219;369.8041;16.3145;2013-06-04 12:42:52
14;-18.2081;346.0875;16.3202;2013-06-04 12:42:52
16;-17.9620;319.4859;16.2828;2013-06-04 12:42:52
18;-17.7034;288.9131;16.1861;2013-06-04 12:42:52
20;-17.4461;261.0500;15.9926;2013-06-04 12:42:52
22;-17.2400;238.4406;15.8172;2013-06-04 12:42:52
24;-16.9906;211.6443;15.6608;2013-06-04 12:42:52
26;-16.7369;186.7253;15.4785;2013-06-04 12:42:52
200;11.4314;-41.6108;-0.0744;2013-06-04 12:42:52
0;-19.8936;528.9171;15.4843;2013-06-04 12:46:13
2;-19.6946;506.0632;15.6648;2013-06-04 12:46:13
4;-19.4433;478.2369;15.8632;2013-06-04 12:46:13
6;-19.2206;455.4531;16.0073;2013-06-04 12:46:13
8;-18.9554;427.4755;16.1534;2013-06-04 12:46:13
10;-18.6883;396.8669;16.3029;2013-06-04 12:46:13
12;-18.4272;369.8035;16.3135;2013-06-04 12:46:13
14;-18.2148;346.0872;16.3196;2013-06-04 12:46:13
16;-17.9648;319.4860;16.2826;2013-06-04 12:46:13
18;-17.7089;288.9127;16.1848;2013-06-04 12:46:13
20;-17.4491;261.0500;15.9922;2013-06-04 12:46:13
22;-17.2409;238.4410;15.8167;2013-06-04 12:46:13
24;-16.9937;211.6442;15.6587;2013-06-04 12:46:13
26;-16.7378;186.7246;15.4799;2013-06-04 12:46:13
200;11.4314;-41.6107;-0.0744;2013-06-04 12:46:13
0;-19.8924;528.9169;15.4896;2013-06-04 12:50:02
2;-19.6901;506.0632;15.6718;2013-06-04 12:50:02
4;-19.4275;478.2383;15.8633;2013-06-04 12:50:02
6;-19.2135;455.4535;16.0067;2013-06-04 12:50:02
8;-18.9518;427.4759;16.1534;2013-06-04 12:50:02
10;-18.6864;396.8670;16.3051;2013-06-04 12:50:02
12;-18.4226;369.8042;16.3179;2013-06-04 12:50:02
14;-18.2095;346.0876;16.3206;2013-06-04 12:50:02
16;-17.9641;319.4862;16.2842;2013-06-04 12:50:02
18;-17.7067;288.9130;16.1859;2013-06-04 12:50:02
20;-17.4482;261.0501;15.9917;2013-06-04 12:50:02
22;-17.2400;238.4411;15.8155;2013-06-04 12:50:02
24;-16.9899;211.6443;15.6616;2013-06-04 12:50:02
26;-16.7377;186.7254;15.4777;2013-06-04 12:50:02
200;11.4315;-41.6107;-0.0739;2013-06-04 12:50:02
0;-19.9124;528.9173;15.4986;2013-06-04 13:12:49
2;-19.7022;506.0674;15.6710;2013-06-04 13:12:49
4;-19.4519;478.2410;15.8571;2013-06-04 13:12:49
6;-19.2244;455.4566;16.0004;2013-06-04 13:12:49
8;-18.9578;427.4789;16.1509;2013-06-04 13:12:49
10;-18.6956;396.8694;16.3021;2013-06-04 13:12:49
12;-18.4316;369.8072;16.3131;2013-06-04 13:12:49
14;-18.2181;346.0894;16.3194;2013-06-04 13:12:49
16;-17.9687;319.4884;16.2844;2013-06-04 13:12:49
18;-17.7122;288.9141;16.1815;2013-06-04 13:12:49
20;-17.4471;261.0513;15.9832;2013-06-04 13:12:49
22;-17.2399;238.4427;15.8068;2013-06-04 13:12:49
24;-16.9956;211.6444;15.6539;2013-06-04 13:12:49
26;-16.7422;186.7253;15.4799;2013-06-04 13:12:49
200;11.4321;-41.6107;-0.0748;2013-06-04 13:12:49
0;-19.8995;528.9180;15.4953;2013-06-04 13:16:06
2;-19.6993;506.0675;15.6697;2013-06-04 13:16:06
4;-19.4427;478.2414;15.8546;2013-06-04 13:16:06
6;-19.2199;455.4572;16.0002;2013-06-04 13:16:06
8;-18.9576;427.4796;16.1526;2013-06-04 13:16:06
10;-18.6917;396.8696;16.3047;2013-06-04 13:16:06
12;-18.4249;369.8073;16.3133;2013-06-04 13:16:06
14;-18.2138;346.0901;16.3207;2013-06-04 13:16:06
16;-17.9661;319.4886;16.2824;2013-06-04 13:16:06
18;-17.7080;288.9145;16.1840;2013-06-04 13:16:06
20;-17.4472;261.0513;15.9833;2013-06-04 13:16:06
22;-17.2397;238.4422;15.8084;2013-06-04 13:16:06
24;-16.9920;211.6451;15.6508;2013-06-04 13:16:06
26;-16.7390;186.7263;15.4790;2013-06-04 13:16:06
200;11.4321;-41.6107;-0.0743;2013-06-04 13:16:06
0;-19.9079;528.9179;15.4900;2013-06-04 13:20:21
2;-19.7012;506.0680;15.6676;2013-06-04 13:20:21
4;-19.4453;478.2416;15.8537;2013-06-04 13:20:21
6;-19.2273;455.4576;15.9976;2013-06-04 13:20:21
8;-18.9602;427.4797;16.1524;2013-06-04 13:20:21
10;-18.6970;396.8696;16.3042;2013-06-04 13:20:21
12;-18.4268;369.8069;16.3127;2013-06-04 13:20:21
14;-18.2194;346.0895;16.3220;2013-06-04 13:20:21
16;-17.9698;319.4882;16.2849;2013-06-04 13:20:21
18;-17.7098;288.9143;16.1808;2013-06-04 13:20:21
20;-17.4473;261.0510;15.9835;2013-06-04 13:20:21
22;-17.2411;238.4420;15.8064;2013-06-04 13:20:21
24;-16.9943;211.6447;15.6525;2013-06-04 13:20:21
26;-16.7453;186.7252;15.4789;2013-06-04 13:20:21
200;11.4326;-41.6109;-0.0743;2013-06-04 13:20:21
0;-19.9100;528.9173;15.4891;2013-06-04 13:46:54
2;-19.6956;506.0714;15.6646;2013-06-04 13:46:54
4;-19.4437;478.2446;15.8649;2013-06-04 13:46:54
6;-19.2242;455.4595;16.0103;2013-06-04 13:46:54
8;-18.9578;427.4809;16.1579;2013-06-04 13:46:54
10;-18.6936;396.8690;16.2867;2013-06-04 13:46:54
12;-18.4277;369.8075;16.2817;2013-06-04 13:46:54
14;-18.2194;346.0926;16.2872;2013-06-04 13:46:54
16;-17.9678;319.4925;16.2660;2013-06-04 13:46:54
18;-17.7109;288.9170;16.1878;2013-06-04 13:46:54
20;-17.4493;261.0522;15.9971;2013-06-04 13:46:54
22;-17.2403;238.4415;15.8204;2013-06-04 13:46:54
24;-16.9917;211.6446;15.6602;2013-06-04 13:46:54
26;-16.7395;186.7266;15.4792;2013-06-04 13:46:54
200;11.4322;-41.6108;-0.0743;2013-06-04 13:46:54
0;-19.9054;528.9172;15.4900;2013-06-04 13:50:47
2;-19.7010;506.0704;15.6686;2013-06-04 13:50:47
4;-19.4471;478.2438;15.8648;2013-06-04 13:50:47
6;-19.2214;455.4597;16.0099;2013-06-04 13:50:47
8;-18.9594;427.4811;16.1553;2013-06-04 13:50:47
10;-18.6944;396.8701;16.2939;2013-06-04 13:50:47
12;-18.4289;369.8078;16.2882;2013-06-04 13:50:47
14;-18.2186;346.0924;16.2910;2013-06-04 13:50:47
16;-17.9658;319.4928;16.2686;2013-06-04 13:50:47
18;-17.7114;288.9172;16.1898;2013-06-04 13:50:47
20;-17.4481;261.0524;15.9970;2013-06-04 13:50:47
22;-17.2402;238.4418;15.8192;2013-06-04 13:50:47
24;-16.9915;211.6445;15.6606;2013-06-04 13:50:47
26;-16.7421;186.7261;15.4783;2013-06-04 13:50:47
200;11.4321;-41.6108;-0.0747;2013-06-04 13:50:47
0;-19.9189;528.9155;15.4892;2013-06-04 14:00:50
2;-19.7113;506.0724;15.6847;2013-06-04 14:00:50
4;-19.4530;478.2425;15.8974;2013-06-04 14:00:50
6;-19.2321;455.4565;16.0354;2013-06-04 14:00:50
8;-18.9746;427.4774;16.1654;2013-06-04 14:00:50
10;-18.7023;396.8698;16.3050;2013-06-04 14:00:50
12;-18.4429;369.8076;16.3163;2013-06-04 14:00:50
14;-18.2300;346.0891;16.3246;2013-06-04 14:00:50
16;-17.9774;319.4876;16.2838;2013-06-04 14:00:50
18;-17.7177;288.9160;16.1937;2013-06-04 14:00:50
20;-17.4574;261.0522;16.0207;2013-06-04 14:00:50
22;-17.2463;238.4404;15.8511;2013-06-04 14:00:50
24;-16.9974;211.6410;15.6788;2013-06-04 14:00:50
26;-16.7436;186.7255;15.4799;2013-06-04 14:00:50
200;11.4326;-41.6108;-0.0746;2013-06-04 14:00:50
0;-19.9182;528.9161;15.4725;2013-06-04 14:06:11
2;-19.7036;506.0740;15.6791;2013-06-04 14:06:11
4;-19.4596;478.2439;15.8979;2013-06-04 14:06:11
6;-19.2350;455.4571;16.0311;2013-06-04 14:06:11
8;-18.9741;427.4778;16.1616;2013-06-04 14:06:11
10;-18.7142;396.8705;16.2951;2013-06-04 14:06:11
12;-18.4405;369.8081;16.3141;2013-06-04 14:06:11
14;-18.2341;346.0894;16.3213;2013-06-04 14:06:11
16;-17.9764;319.4887;16.2773;2013-06-04 14:06:11
18;-17.7206;288.9168;16.1929;2013-06-04 14:06:11
20;-17.4596;261.0520;16.0202;2013-06-04 14:06:11
22;-17.2499;238.4400;15.8506;2013-06-04 14:06:11
24;-17.0010;211.6403;15.6776;2013-06-04 14:06:11
26;-16.7483;186.7258;15.4791;2013-06-04 14:06:11
200;11.4329;-41.6107;-0.0747;2013-06-04 14:06:11
0;-19.9243;528.9154;15.4863;2013-06-04 14:09:02
2;-19.7203;506.0737;15.6896;2013-06-04 14:09:02
4;-19.4614;478.2436;15.9023;2013-06-04 14:09:02
6;-19.2433;455.4571;16.0386;2013-06-04 14:09:02
8;-18.9752;427.4781;16.1647;2013-06-04 14:09:02
10;-18.7107;396.8705;16.3005;2013-06-04 14:09:02
12;-18.4459;369.8078;16.3193;2013-06-04 14:09:02
14;-18.2311;346.0897;16.3233;2013-06-04 14:09:02
16;-17.9776;319.4881;16.2811;2013-06-04 14:09:02
18;-17.7228;288.9166;16.1925;2013-06-04 14:09:02
20;-17.4604;261.0524;16.0197;2013-06-04 14:09:02
22;-17.2503;238.4406;15.8499;2013-06-04 14:09:02
24;-16.9992;211.6410;15.6777;2013-06-04 14:09:02
26;-16.7458;186.7267;15.4743;2013-06-04 14:09:02
200;11.4334;-41.6107;-0.0757;2013-06-04 14:09:02
0;-19.9075;528.9163;15.4911;2013-06-04 14:27:02
2;-19.7026;506.0699;15.6868;2013-06-04 14:27:02
4;-19.4500;478.2400;15.8881;2013-06-04 14:27:02
6;-19.2249;455.4540;16.0285;2013-06-04 14:27:02
8;-18.9653;427.4752;16.1595;2013-06-04 14:27:02
10;-18.6970;396.8692;16.3113;2013-06-04 14:27:02
12;-18.4352;369.8054;16.3470;2013-06-04 14:27:02
14;-18.2209;346.0858;16.3612;2013-06-04 14:27:02
16;-17.9721;319.4806;16.3088;2013-06-04 14:27:02
18;-17.7109;288.9055;16.1630;2013-06-04 14:27:02
20;-17.4527;261.0441;15.9302;2013-06-04 14:27:02
22;-17.2441;238.4387;15.7504;2013-06-04 14:27:02
24;-16.9943;211.6428;15.6253;2013-06-04 14:27:02
26;-16.7417;186.7262;15.4723;2013-06-04 14:27:02
200;11.4322;-41.6107;-0.0743;2013-06-04 14:27:02
0;-19.9089;528.9163;15.4946;2013-06-04 14:32:35
2;-19.6955;506.0698;15.6867;2013-06-04 14:32:35
4;-19.4470;478.2402;15.8905;2013-06-04 14:32:35
6;-19.2264;455.4542;16.0263;2013-06-04 14:32:35
8;-18.9628;427.4753;16.1590;2013-06-04 14:32:35
10;-18.6977;396.8691;16.3159;2013-06-04 14:32:35
12;-18.4338;369.8052;16.3456;2013-06-04 14:32:35
14;-18.2172;346.0856;16.3651;2013-06-04 14:32:35
16;-17.9695;319.4810;16.3049;2013-06-04 14:32:35
18;-17.7113;288.9056;16.1611;2013-06-04 14:32:35
20;-17.4541;261.0440;15.9288;2013-06-04 14:32:35
22;-17.2462;238.4385;15.7497;2013-06-04 14:32:35
24;-16.9965;211.6427;15.6240;2013-06-04 14:32:35
26;-16.7437;186.7258;15.4717;2013-06-04 14:32:35
200;11.4323;-41.6108;-0.0745;2013-06-04 14:32:35
0;-19.9079;528.9166;15.4860;2013-06-04 14:35:46
2;-19.7002;506.0694;15.6799;2013-06-04 14:35:46
4;-19.4439;478.2402;15.8853;2013-06-04 14:35:46
6;-19.2256;455.4538;16.0219;2013-06-04 14:35:46
8;-18.9616;427.4762;16.1541;2013-06-04 14:35:46
10;-18.6972;396.8695;16.3072;2013-06-04 14:35:46
12;-18.4301;369.8055;16.3463;2013-06-04 14:35:46
14;-18.2202;346.0859;16.3593;2013-06-04 14:35:46
16;-17.9694;319.4813;16.3051;2013-06-04 14:35:46
18;-17.7100;288.9056;16.1619;2013-06-04 14:35:46
20;-17.4524;261.0439;15.9325;2013-06-04 14:35:46
22;-17.2431;238.4383;15.7522;2013-06-04 14:35:46
24;-16.9944;211.6431;15.6256;2013-06-04 14:35:46
26;-16.7428;186.7258;15.4718;2013-06-04 14:35:46
200;11.4324;-41.6108;-0.0742;2013-06-04 14:35:46
0;-19.9053;528.9183;15.4785;2013-06-04 14:52:55
2;-19.6995;506.0671;15.6469;2013-06-04 14:52:55
4;-19.4475;478.2428;15.8139;2013-06-04 14:52:55
6;-19.2245;455.4616;15.9481;2013-06-04 14:52:55
8;-18.9635;427.4857;16.1309;2013-06-04 14:52:55
10;-18.6996;396.8738;16.3222;2013-06-04 14:52:55
12;-18.4330;369.8082;16.3534;2013-06-04 14:52:55
14;-18.2203;346.0887;16.3527;2013-06-04 14:52:55
16;-17.9689;319.4864;16.2932;2013-06-04 14:52:55
18;-17.7113;288.9154;16.1879;2013-06-04 14:52:55
20;-17.4489;261.0517;16.0121;2013-06-04 14:52:55
22;-17.2425;238.4395;15.8390;2013-06-04 14:52:55
24;-16.9955;211.6407;15.6735;2013-06-04 14:52:55
26;-16.7415;186.7286;15.4767;2013-06-04 14:52:55
200;11.4322;-41.6107;-0.0747;2013-06-04 14:52:55
0;-19.9086;528.9179;15.4786;2013-06-04 14:58:15
2;-19.7006;506.0674;15.6465;2013-06-04 14:58:15
4;-19.4409;478.2431;15.7992;2013-06-04 14:58:15
6;-19.2200;455.4617;15.9474;2013-06-04 14:58:15
8;-18.9608;427.4857;16.1268;2013-06-04 14:58:15
10;-18.6960;396.8742;16.3223;2013-06-04 14:58:15
12;-18.4291;369.8081;16.3540;2013-06-04 14:58:15
14;-18.2205;346.0881;16.3526;2013-06-04 14:58:15
16;-17.9699;319.4861;16.2939;2013-06-04 14:58:15
18;-17.7097;288.9153;16.1841;2013-06-04 14:58:15
20;-17.4498;261.0520;16.0076;2013-06-04 14:58:15
22;-17.2427;238.4397;15.8393;2013-06-04 14:58:15
24;-16.9938;211.6408;15.6724;2013-06-04 14:58:15
26;-16.7403;186.7281;15.4776;2013-06-04 14:58:15
200;11.4321;-41.6108;-0.0746;2013-06-04 14:58:15
0;-19.9073;528.9176;15.4819;2013-06-04 15:01:30
2;-19.7079;506.0668;15.6418;2013-06-04 15:01:30
4;-19.4449;478.2433;15.8092;2013-06-04 15:01:30
6;-19.2244;455.4616;15.9501;2013-06-04 15:01:30
8;-18.9652;427.4854;16.1297;2013-06-04 15:01:30
10;-18.6981;396.8739;16.3227;2013-06-04 15:01:30
12;-18.4337;369.8074;16.3568;2013-06-04 15:01:30
14;-18.2194;346.0885;16.3505;2013-06-04 15:01:30
16;-17.9726;319.4861;16.2924;2013-06-04 15:01:30
18;-17.7149;288.9155;16.1827;2013-06-04 15:01:30
20;-17.4491;261.0518;16.0090;2013-06-04 15:01:30
22;-17.2433;238.4393;15.8392;2013-06-04 15:01:30
24;-16.9959;211.6411;15.6733;2013-06-04 15:01:30
26;-16.7419;186.7283;15.4793;2013-06-04 15:01:30
200;11.4324;-41.6108;-0.0745;2013-06-04 15:01:30
0;-19.9121;528.9151;15.4906;2013-06-04 15:18:09
2;-19.7060;506.0763;15.6881;2013-06-04 15:18:09
4;-19.4522;478.2459;15.9009;2013-06-04 15:18:09
6;-19.2202;455.4601;16.0366;2013-06-04 15:18:09
8;-18.9636;427.4805;16.1648;2013-06-04 15:18:09
10;-18.6968;396.8725;16.3004;2013-06-04 15:18:09
12;-18.4332;369.8096;16.3170;2013-06-04 15:18:09
14;-18.2226;346.0916;16.3256;2013-06-04 15:18:09
16;-17.9701;319.4897;16.2847;2013-06-04 15:18:09
18;-17.7164;288.9168;16.1907;2013-06-04 15:18:09
20;-17.4540;261.0530;16.0215;2013-06-04 15:18:09
22;-17.2410;238.4406;15.8509;2013-06-04 15:18:09
24;-16.9958;211.6413;15.6788;2013-06-04 15:18:09
26;-16.7424;186.7284;15.4778;2013-06-04 15:18:09
200;11.4322;-41.6108;-0.0744;2013-06-04 15:18:09
0;-19.9142;528.9148;15.4933;2013-06-04 15:21:55
2;-19.7000;506.0768;15.6890;2013-06-04 15:21:55
4;-19.4512;478.2462;15.9040;2013-06-04 15:21:55
6;-19.2239;455.4591;16.0429;2013-06-04 15:21:55
8;-18.9651;427.4805;16.1675;2013-06-04 15:21:55
10;-18.6965;396.8729;16.3001;2013-06-04 15:21:55
12;-18.4362;369.8093;16.3157;2013-06-04 15:21:55
14;-18.2227;346.0911;16.3229;2013-06-04 15:21:55
16;-17.9655;319.4900;16.2832;2013-06-04 15:21:55
18;-17.7079;288.9178;16.1943;2013-06-04 15:21:55
20;-17.4522;261.0527;16.0216;2013-06-04 15:21:55
22;-17.2425;238.4407;15.8504;2013-06-04 15:21:55
24;-16.9935;211.6412;15.6774;2013-06-04 15:21:55
26;-16.7413;186.7288;15.4777;2013-06-04 15:21:55
200;11.4323;-41.6107;-0.0744;2013-06-04 15:21:55
0;-19.9131;528.9146;15.4914;2013-06-04 15:25:48
2;-19.7056;506.0768;15.6885;2013-06-04 15:25:48
4;-19.4525;478.2464;15.8963;2013-06-04 15:25:48
6;-19.2238;455.4597;16.0346;2013-06-04 15:25:48
8;-18.9635;427.4805;16.1616;2013-06-04 15:25:48
10;-18.6963;396.8731;16.2963;2013-06-04 15:25:48
12;-18.4334;369.8097;16.3151;2013-06-04 15:25:48
14;-18.2210;346.0916;16.3226;2013-06-04 15:25:48
16;-17.9731;319.4895;16.2819;2013-06-04 15:25:48
18;-17.7141;288.9173;16.1899;2013-06-04 15:25:48
20;-17.4526;261.0529;16.0166;2013-06-04 15:25:48
22;-17.2428;238.4410;15.8482;2013-06-04 15:25:48
24;-16.9947;211.6415;15.6747;2013-06-04 15:25:48
26;-16.7413;186.7281;15.4772;2013-06-04 15:25:48
200;11.4323;-41.6107;-0.0744;2013-06-04 15:25:48
