0;-19.938633245905912;528.909579093519028;15.480858552769629;2013-06-04 08:35:13
2;-19.724805028581365;506.049982804530771;15.687122963231367;2013-06-04 08:35:13
4;-19.473233455378782;478.223684337482382;15.903471248537434;2013-06-04 08:35:13
6;-19.247972131010982;455.43820765401199;16.04372444252337;2013-06-04 08:35:13
8;-18.983128751529627;427.460528087911996;16.158813793559911;2013-06-04 08:35:13
10;-18.714142232763237;396.857189584510706;16.302059666602279;2013-06-04 08:35:13
12;-18.449956787820135;369.796735208971938;16.319886066161285;2013-06-04 08:35:13
14;-18.238509879801839;346.080012598614701;16.324073938394037;2013-06-04 08:35:13
16;-17.987596387959975;319.481142908813183;16.282975613729533;2013-06-04 08:35:13
18;-17.724567097868331;288.912863484923889;16.194213945368045;2013-06-04 08:35:13
20;-17.463650629252967;261.051093392044436;16.02492483286543;2013-06-04 08:35:13
22;-17.254914717746431;238.441566362461543;15.855662662980325;2013-06-04 08:35:13
24;-17.005498359269176;211.644064475818482;15.67934602314137;2013-06-04 08:35:13
26;-16.748430584153468;186.718700654785721;15.476764284970359;2013-06-04 08:35:13
200;11.432899793941964;-41.61010852086541;-0.07423599824218;2013-06-04 08:35:13
0;-19.783575414349251;528.917206055803831;15.478569158101745;2013-06-04 08:40:08
2;-19.583558260865537;506.063569844691585;15.694933532008932;2013-06-04 08:40:08
4;-19.333945026514478;478.235611597386139;15.923626830602119;2013-06-04 08:40:08
6;-19.115290308679356;455.44931499712402;16.070135581243452;2013-06-04 08:40:08
8;-18.861773001320998;427.47133188052959;16.178548344122326;2013-06-04 08:40:08
10;-18.600842518568811;396.863998209801707;16.273045153685906;2013-06-04 08:40:08
12;-18.343638615311001;369.806415080448744;16.250207620311446;2013-06-04 08:40:08
14;-18.137644946340778;346.094566398494749;16.253773733633924;2013-06-04 08:40:08
16;-17.893506364325852;319.498158997726989;16.249673201168356;2013-06-04 08:40:08
18;-17.64309051528484;288.926913576292577;16.209902681662136;2013-06-04 08:40:08
20;-17.386984742802355;261.06251359840752;16.058570391748674;2013-06-04 08:40:08
22;-17.186644171009412;238.450462923362949;15.884438210122484;2013-06-04 08:40:08
24;-16.943856671739709;211.652601678967358;15.692045864864525;2013-06-04 08:40:08
26;-16.694175960545557;186.72536802825644;15.475547952001229;2013-06-04 08:40:08
200;11.424481070495542;-41.610974072577534;-0.074501428869152;2013-06-04 08:40:08
0;-19.756493120886162;528.918266471022093;15.480698117853587;2013-06-04 08:43:34
2;-19.559941227276873;506.064876548434142;15.690873237710674;2013-06-04 08:43:34
4;-19.31353230564013;478.236784162185756;15.923357187904029;2013-06-04 08:43:34
6;-19.102485380165213;455.450058287125671;16.067681302366857;2013-06-04 08:43:34
8;-18.843480613413433;427.472018793105406;16.177350241642177;2013-06-04 08:43:34
10;-18.584601633647033;396.8649867274965;16.272882215274869;2013-06-04 08:43:34
12;-18.327029271823498;369.807412949549132;16.247263805696157;2013-06-04 08:43:34
14;-18.123830039705325;346.095362051301379;16.256846428513555;2013-06-04 08:43:34
16;-17.875415784501392;319.500019576312411;16.24950246750435;2013-06-04 08:43:34
18;-17.624389929036262;288.928551842698312;16.209888538528372;2013-06-04 08:43:34
20;-17.373484548007248;261.063688565232155;16.05711869994165;2013-06-04 08:43:34
22;-17.169301739642734;238.451859598710826;15.884385652684481;2013-06-04 08:43:34
24;-16.930039157522174;211.653886373363008;15.692080640463614;2013-06-04 08:43:34
26;-16.682606717764543;186.726278583832766;15.476446441940706;2013-06-04 08:43:34
200;11.421952280750215;-41.6112043079534;-0.074503696156705;2013-06-04 08:43:34
0;-19.7600179027433;528.918099057865675;15.476540189103963;2013-06-04 08:48:27
2;-19.558769945077849;506.065076855251561;15.689658137422041;2013-06-04 08:48:27
4;-19.312068223893903;478.236856151905783;15.923713609100886;2013-06-04 08:48:27
6;-19.097704793864594;455.450547295479737;16.064591465892324;2013-06-04 08:48:27
8;-18.838769313161308;427.472288875403478;16.178024357467294;2013-06-04 08:48:27
10;-18.585791322673046;396.865221238851916;16.272555488379297;2013-06-04 08:48:27
12;-18.326215127740589;369.807485127254949;16.246917270166151;2013-06-04 08:48:27
14;-18.12068940290451;346.095667157467631;16.253060199863917;2013-06-04 08:48:27
16;-17.879835343068663;319.499512786422997;16.250573324552398;2013-06-04 08:48:27
18;-17.63136334785073;288.928101163533427;16.208780022750748;2013-06-04 08:48:27
20;-17.374684344733645;261.06349478952734;16.056749168341845;2013-06-04 08:48:27
22;-17.173497861862394;238.45171498685005;15.884580586928299;2013-06-04 08:48:27
24;-16.934509823220225;211.653560515929257;15.6908272707092;2013-06-04 08:48:27
26;-16.686463062124325;186.726225341016573;15.475963406175936;2013-06-04 08:48:27
200;11.423273967940103;-41.611183467851717;-0.074590295496448;2013-06-04 08:48:27
0;-19.785030530144624;528.916830149321186;15.4820729244758;2013-06-04 09:09:35
2;-19.583418583192945;506.056013444470807;15.679866373498117;2013-06-04 09:09:35
4;-19.332352947413121;478.229353436061615;15.896651914579646;2013-06-04 09:09:35
6;-19.113368027181551;455.444408228970929;16.037977967712028;2013-06-04 09:09:35
8;-18.860109611620992;427.468112102910538;16.159705914650498;2013-06-04 09:09:35
10;-18.605483113178053;396.863084186252024;16.298531676124856;2013-06-04 09:09:35
12;-18.34258408887802;369.802915578930481;16.31813874642895;2013-06-04 09:09:35
14;-18.13850400372516;346.086740102186866;16.323487801212877;2013-06-04 09:09:35
16;-17.89541780221704;319.487465744504505;16.280497301216563;2013-06-04 09:09:35
18;-17.643708069274794;288.918515435787072;16.192988548698249;2013-06-04 09:09:35
20;-17.390190056902803;261.056852497391617;16.024457231846192;2013-06-04 09:09:35
22;-17.184685506289796;238.447077505205471;15.855057558699647;2013-06-04 09:09:35
24;-16.94473105490637;211.649452617933576;15.679345170027288;2013-06-04 09:09:35
26;-16.694766424228952;186.724581442672786;15.476887923075351;2013-06-04 09:09:35
200;11.424428738914843;-41.611079612944422;-0.074468637718995;2013-06-04 09:09:35
0;-19.784342054010246;528.916610161460881;15.480504335042943;2013-06-04 09:15:47
2;-19.585087707131372;506.056240310735404;15.682639229444359;2013-06-04 09:15:47
4;-19.337998976358335;478.229045930711152;15.896198218730708;2013-06-04 09:15:47
6;-19.117101759629108;455.44450036802607;16.03464065833494;2013-06-04 09:15:47
8;-18.862023483392065;427.467924514622382;16.158814496153372;2013-06-04 09:15:47
10;-18.604655205182567;396.863602300858304;16.299508444102489;2013-06-04 09:15:47
12;-18.344803853415073;369.803178571972239;16.317697658601581;2013-06-04 09:15:47
14;-18.14005241527552;346.086748849711853;16.322949383758889;2013-06-04 09:15:47
16;-17.897386479557568;319.487440872338709;16.279827898675578;2013-06-04 09:15:47
18;-17.64284813871943;288.918671888769381;16.191470082680535;2013-06-04 09:15:47
20;-17.388503199663937;261.057287691826161;16.023213376482612;2013-06-04 09:15:47
22;-17.185828342097182;238.447072584292869;15.853254534727975;2013-06-04 09:15:47
24;-16.943614751668733;211.64933113147228;15.678589482622876;2013-06-04 09:15:47
26;-16.6963481447277;186.724250892098553;15.477225728661343;2013-06-04 09:15:47
200;11.425016226669843;-41.610925747744666;-0.074461711530919;2013-06-04 09:15:47
0;-19.790733191163582;528.916402493290889;15.483063351946845;2013-06-04 09:20:46
2;-19.593115784430587;506.056092676075252;15.67966192745598;2013-06-04 09:20:46
4;-19.339754129681474;478.229329191110935;15.893619031334913;2013-06-04 09:20:46
6;-19.123696708405554;455.443953360814078;16.036265617860206;2013-06-04 09:20:46
8;-18.864678024857113;427.467791321968036;16.160662521148492;2013-06-04 09:20:46
10;-18.605139788496317;396.863511574605809;16.298448057318101;2013-06-04 09:20:46
12;-18.350576501933055;369.802482395130653;16.31738358058211;2013-06-04 09:20:46
14;-18.14312339679482;346.086907340851781;16.32323707100846;2013-06-04 09:20:46
16;-17.898700971271836;319.48738466525981;16.280878424772194;2013-06-04 09:20:46
18;-17.646943299098282;288.918335226084878;16.192938144997306;2013-06-04 09:20:46
20;-17.392994551866032;261.056738401262237;16.023536690346798;2013-06-04 09:20:46
22;-17.189949778595455;238.446700282221627;15.853984946922987;2013-06-04 09:20:46
24;-16.948042139440467;211.64901798927994;15.678666096691538;2013-06-04 09:20:46
26;-16.700398691292875;186.723779832658778;15.476589603713816;2013-06-04 09:20:46
200;11.425142399899592;-41.610815771419013;-0.07428236149548;2013-06-04 09:20:46
0;-19.80149080656588;528.914880970211357;15.488540698320064;2013-06-04 09:41:53
2;-19.602350050668925;506.040144437687957;15.63662321410686;2013-06-04 09:41:53
4;-19.35391620872938;478.218815057936069;15.789740994344017;2013-06-04 09:41:53
6;-19.133462697745536;455.441033414034052;15.930676235652856;2013-06-04 09:41:53
8;-18.877680575711722;427.467389524287626;16.121760812180693;2013-06-04 09:41:53
10;-18.618768789998782;396.860796216934034;16.33145267175605;2013-06-04 09:41:53
12;-18.35866938737253;369.796500059860762;16.388078447097772;2013-06-04 09:41:53
14;-18.151644611266171;346.077333267164704;16.391967998124759;2013-06-04 09:41:53
16;-17.907171133976419;319.473893396524375;16.317023920034508;2013-06-04 09:41:53
18;-17.654513822246948;288.902256021879793;16.155934592632249;2013-06-04 09:41:53
20;-17.401343744196502;261.044963785446555;15.919775966551169;2013-06-04 09:41:53
22;-17.199179515948401;238.44174494852237;15.741067118739318;2013-06-04 09:41:53
24;-16.953475209549396;211.649124211425743;15.618904533532465;2013-06-04 09:41:53
26;-16.703788340391647;186.723906185337995;15.477166345647122;2013-06-04 09:41:53
200;11.425843854043798;-41.610851183551233;-0.074382849872414;2013-06-04 09:41:53
0;-19.806244424393789;528.915158950573641;15.48759234093475;2013-06-04 09:46:49
2;-19.599962119369842;506.04102014898848;15.628426340496825;2013-06-04 09:46:49
4;-19.353463200214975;478.219423690147153;15.78403163656707;2013-06-04 09:46:49
6;-19.133810872154946;455.440995037895391;15.928229173727898;2013-06-04 09:46:49
8;-18.882794102158314;427.467264477164576;16.116385753483037;2013-06-04 09:46:49
10;-18.617387453421109;396.860662869987323;16.334615663897289;2013-06-04 09:46:49
12;-18.35868278651752;369.796488053503936;16.383621361934804;2013-06-04 09:46:49
14;-18.1511869657623;346.076695049610635;16.389092221849523;2013-06-04 09:46:49
16;-17.908301208909215;319.473554389668152;16.315938569459917;2013-06-04 09:46:49
18;-17.655326211582164;288.901877034719803;16.154165333516026;2013-06-04 09:46:49
20;-17.402087633126712;261.044228659972759;15.917340184870159;2013-06-04 09:46:49
22;-17.201032711812466;238.441055038751756;15.739361325506678;2013-06-04 09:46:49
24;-16.954436410052097;211.648649817744968;15.61687928333183;2013-06-04 09:46:49
26;-16.703302482131988;186.723833062671019;15.477610001618961;2013-06-04 09:46:49
200;11.425929157729392;-41.610539921682758;-0.074589085319843;2013-06-04 09:46:49
0;-19.803469718419308;528.915308629581659;15.483916311994497;2013-06-04 09:52:20
2;-19.600969059052801;506.040710449273263;15.630251321803186;2013-06-04 09:52:20
4;-19.354263468510247;478.219517347409919;15.782803467376564;2013-06-04 09:52:20
6;-19.135526823421358;455.44098154242846;15.928578561139974;2013-06-04 09:52:20
8;-18.879043605774619;427.467473299221183;16.119864621333608;2013-06-04 09:52:20
10;-18.618093030169611;396.860734970249041;16.331604970018471;2013-06-04 09:52:20
12;-18.360323702834201;369.796765439105627;16.383804910976245;2013-06-04 09:52:20
14;-18.150402251380598;346.076885660384619;16.390611258738119;2013-06-04 09:52:20
16;-17.908927163541819;319.473324468884073;16.315504536533243;2013-06-04 09:52:20
18;-17.654657858371216;288.902001049153512;16.152937563593483;2013-06-04 09:52:20
20;-17.402375964019001;261.044294883748194;15.919194784780089;2013-06-04 09:52:20
22;-17.200215673474666;238.440989865462114;15.738535782598284;2013-06-04 09:52:20
24;-16.953898711104564;211.64838594982669;15.618662966805385;2013-06-04 09:52:20
26;-16.702836060031167;186.724204833745318;15.478803330476907;2013-06-04 09:52:20
200;11.426267013993282;-41.610709433338137;-0.074638335942374;2013-06-04 09:52:20
0;-19.816170213077967;528.924273667268608;15.485964237201356;2013-06-04 10:14:56
2;-19.612215332242009;506.064884291313604;15.684269165523856;2013-06-04 10:14:56
4;-19.360867488096751;478.237314756710362;15.895679503548068;2013-06-04 10:14:56
6;-19.140354693896676;455.453152168235306;16.034834550024105;2013-06-04 10:14:56
8;-18.886264138343158;427.475292794927498;16.159819635210233;2013-06-04 10:14:56
10;-18.625182240438022;396.869710872559722;16.301518843992021;2013-06-04 10:14:56
12;-18.365897283893815;369.808536679294548;16.317868288267544;2013-06-04 10:14:56
14;-18.156215054684012;346.092310425647156;16.326298465010197;2013-06-04 10:14:56
16;-17.91107374344098;319.491344714683976;16.280378403062052;2013-06-04 10:14:56
18;-17.658414337403279;288.921336529526911;16.192147325272579;2013-06-04 10:14:56
20;-17.405014866643185;261.058850810155548;16.019869542590413;2013-06-04 10:14:56
22;-17.199714076347497;238.447890364353071;15.849632759623566;2013-06-04 10:14:56
24;-16.956776347996218;211.65031752674119;15.67775719573913;2013-06-04 10:14:56
26;-16.706990066388762;186.727464325590034;15.477668963634425;2013-06-04 10:14:56
200;11.426341398579174;-41.611410735542727;-0.074510154234052;2013-06-04 10:14:56
0;-19.814141920722044;528.924203081211203;15.488684414097341;2013-06-04 10:19:01
2;-19.609418061096342;506.065219783240593;15.684847971181835;2013-06-04 10:19:01
4;-19.361898142345545;478.237533824746777;15.893264461454443;2013-06-04 10:19:01
6;-19.144921962874683;455.452344858634262;16.032905302399815;2013-06-04 10:19:01
8;-18.889431979956115;427.47494692166083;16.158360919293276;2013-06-04 10:19:01
10;-18.624906170320038;396.870149718926768;16.301032212072744;2013-06-04 10:19:01
12;-18.36980277612578;369.807952837921789;16.325120370274188;2013-06-04 10:19:01
14;-18.1591665310293;346.091621520874071;16.327761916437481;2013-06-04 10:19:01
16;-17.917676135220027;319.490897517381939;16.28486227643354;2013-06-04 10:19:01
18;-17.662933297693712;288.92105051400199;16.193849640505203;2013-06-04 10:19:01
20;-17.407928141740179;261.058687300403506;16.021341390703618;2013-06-04 10:19:01
22;-17.202187617379572;238.447711470611239;15.846799311765604;2013-06-04 10:19:01
24;-16.958107450957037;211.650619904254256;15.677011302381434;2013-06-04 10:19:01
26;-16.707699979567771;186.726732090328767;15.478110263818708;2013-06-04 10:19:01
200;11.426931078742749;-41.61115579677378;-0.074541697890296;2013-06-04 10:19:01
0;-19.813085520628512;528.92439420328742;15.4803550766954;2013-06-04 10:23:16
2;-19.610494058024685;506.065399407995812;15.680237126005396;2013-06-04 10:23:16
4;-19.364682186770992;478.237513479657252;15.895190926417436;2013-06-04 10:23:16
6;-19.145890548665179;455.452650006482031;16.03698291673615;2013-06-04 10:23:16
8;-18.888754948774071;427.475777737522037;16.15873726139224;2013-06-04 10:23:16
10;-18.624957954191935;396.870229515324297;16.298924525522526;2013-06-04 10:23:16
12;-18.369678172943907;369.808435632052522;16.321039134547423;2013-06-04 10:23:16
14;-18.158078567768243;346.091735226195738;16.324830235423164;2013-06-04 10:23:16
16;-17.914778912760639;319.491161984671635;16.284208220776637;2013-06-04 10:23:16
18;-17.661401231711196;288.92131486800514;16.193297053045956;2013-06-04 10:23:16
20;-17.405221526587006;261.059085724340719;16.018952595322865;2013-06-04 10:23:16
22;-17.201513670572972;238.447901631893245;15.848089567973664;2013-06-04 10:23:16
24;-16.956961805953014;211.650920307002679;15.676042806031766;2013-06-04 10:23:16
26;-16.708054050030391;186.727136993455474;15.477518687309358;2013-06-04 10:23:16
200;11.426919874981156;-41.611256599924914;-0.074600833226638;2013-06-04 10:23:16
0;-19.820217306370424;528.924197456155753;15.488218781415169;2013-06-04 10:36:15
2;-19.620338929452643;506.06511633583392;15.685154893153818;2013-06-04 10:36:15
4;-19.372572625196185;478.237333853081111;15.896114880764522;2013-06-04 10:36:15
6;-19.153397978238736;455.452655443053175;16.035488797630553;2013-06-04 10:36:15
8;-18.88967856185085;427.476136533556883;16.163814932714686;2013-06-04 10:36:15
10;-18.631762834949114;396.870272712612461;16.301570053945071;2013-06-04 10:36:15
12;-18.369113586172809;369.808804925106642;16.320371438556037;2013-06-04 10:36:15
14;-18.160753579621534;346.092166697117705;16.326394295992312;2013-06-04 10:36:15
16;-17.91832046340587;319.491028407425517;16.283176131163209;2013-06-04 10:36:15
18;-17.665376784970583;288.921147658189739;16.189903121381874;2013-06-04 10:36:15
20;-17.409729161647661;261.059307237742075;16.018105030944358;2013-06-04 10:36:15
22;-17.203722101118203;238.447645996466008;15.848513428715998;2013-06-04 10:36:15
24;-16.959107864477978;211.650377473411197;15.67594240030288;2013-06-04 10:36:15
26;-16.709418051289369;186.726679895287873;15.478543075527799;2013-06-04 10:36:15
200;11.426986008715545;-41.611253675646182;-0.074313634031723;2013-06-04 10:36:15
0;-19.826473486101008;528.923934627798076;15.485884368370417;2013-06-04 10:48:36
2;-19.62240003826382;506.068881979655714;15.692830664587156;2013-06-04 10:48:36
4;-19.37411552437964;478.240478122780303;15.917167708166792;2013-06-04 10:48:36
6;-19.156988171820871;455.454148024020185;16.059025538214591;2013-06-04 10:48:36
8;-18.894735775585538;427.475869715098042;16.176199371069927;2013-06-04 10:48:36
10;-18.634084255565597;396.868033731557603;16.285764018651619;2013-06-04 10:48:36
12;-18.378505024468048;369.809262915293459;16.281975691977397;2013-06-04 10:48:36
14;-18.166311225761859;346.095508216507199;16.29430520426726;2013-06-04 10:48:36
16;-17.923127660852373;319.49387837475291;16.276543498853748;2013-06-04 10:48:36
18;-17.666945495054804;288.919137214664261;16.179795976256603;2013-06-04 10:48:36
20;-17.411698856152974;261.055695353613942;15.966259419267164;2013-06-04 10:48:36
22;-17.208048850536663;238.449572213016495;15.781808351425896;2013-06-04 10:48:36
24;-16.962694938609907;211.655044512426315;15.639241240469987;2013-06-04 10:48:36
26;-16.711058990711862;186.726986800560439;15.478385522249692;2013-06-04 10:48:36
200;11.42730453606212;-41.611324501567339;-0.074364841575436;2013-06-04 10:48:36
0;-19.826524452598385;528.922950082299167;15.488719104127391;2013-06-04 10:53:49
2;-19.621762750634751;506.068330985723208;15.695659437329791;2013-06-04 10:53:49
4;-19.368878638871323;478.24016428282556;15.91753056365371;2013-06-04 10:53:49
6;-19.153879996814197;455.453926598796272;16.059180612893567;2013-06-04 10:53:49
8;-18.894725922243659;427.475365371465159;16.176299410685399;2013-06-04 10:53:49
10;-18.634902072495677;396.868067025533435;16.286078699256258;2013-06-04 10:53:49
12;-18.375459740881745;369.809072226927981;16.282094964695801;2013-06-04 10:53:49
14;-18.167445264992544;346.09542705352851;16.294219676715294;2013-06-04 10:53:49
16;-17.923596170771674;319.493606713926226;16.277224134872029;2013-06-04 10:53:49
18;-17.666357756201549;288.918234269814263;16.182610643816105;2013-06-04 10:53:49
20;-17.410735052799943;261.055399076878246;15.966019823401009;2013-06-04 10:53:49
22;-17.207279020017658;238.44911671307807;15.782313874567905;2013-06-04 10:53:49
24;-16.961657236005266;211.654735153614183;15.639604231447336;2013-06-04 10:53:49
26;-16.711995176067425;186.727092665639645;15.478076775485253;2013-06-04 10:53:49
200;11.427540408405651;-41.611200126332605;-0.074591060673939;2013-06-04 10:53:49
0;-19.82547762755798;528.923575828857906;15.486253382438056;2013-06-04 10:57:28
2;-19.619352683412025;506.06887196895633;15.695364941463788;2013-06-04 10:57:28
4;-19.373075325754471;478.240480392666825;15.915827214947276;2013-06-04 10:57:28
6;-19.153940868215372;455.454108551291426;16.059618682726992;2013-06-04 10:57:28
8;-18.893515677350997;427.475386907149584;16.177789062538931;2013-06-04 10:57:28
10;-18.632060730385007;396.867974093271641;16.283072656925516;2013-06-04 10:57:28
12;-18.374370049088867;369.808975662093815;16.283831570734797;2013-06-04 10:57:28
14;-18.165816140746969;346.095391347429711;16.293268412236518;2013-06-04 10:57:28
16;-17.919539453629007;319.49404042811193;16.27706941342349;2013-06-04 10:57:28
18;-17.668142173055372;288.918237867232563;16.18149567649478;2013-06-04 10:57:28
20;-17.409832658057546;261.055791347747913;15.967683561512422;2013-06-04 10:57:28
22;-17.207124919477735;238.448975746932177;15.784818723309563;2013-06-04 10:57:28
24;-16.961827924466562;211.655007186256739;15.638312784488138;2013-06-04 10:57:28
26;-16.713568090201726;186.727149887927197;15.478642639706852;2013-06-04 10:57:28
200;11.427520915578233;-41.611206756159106;-0.07414214504595;2013-06-04 10:57:28
0;-19.848254864987851;528.921258259668548;15.490409881191928;2013-06-04 11:16:46
2;-19.641848882028462;506.063599394644996;15.656465198959054;2013-06-04 11:16:46
4;-19.388728961816085;478.240681657186599;15.83158960841002;2013-06-04 11:16:46
6;-19.173936098787657;455.459337181008664;15.982721658410114;2013-06-04 11:16:46
8;-18.911451208438706;427.482928099877938;16.149085027192168;2013-06-04 11:16:46
10;-18.650082306270782;396.870503429844632;16.297775384021495;2013-06-04 11:16:46
12;-18.387256035121126;369.80866040551706;16.291054544055168;2013-06-04 11:16:46
14;-18.18255854024364;346.093750119594063;16.29069146798431;2013-06-04 11:16:46
16;-17.934041689348405;319.495914381180057;16.266235117540244;2013-06-04 11:16:46
18;-17.679693304287206;288.923944902656274;16.208118841047721;2013-06-04 11:16:46
20;-17.421412418944556;261.059774832885239;16.044380325535656;2013-06-04 11:16:46
22;-17.215035628428289;238.447360287295822;15.869614547550757;2013-06-04 11:16:46
24;-16.970424410911669;211.649303759000986;15.688551923852271;2013-06-04 11:16:46
26;-16.719381568455248;186.726090800690429;15.478748734927848;2013-06-04 11:16:46
200;11.428159851659474;-41.610945963099745;-0.074297683799164;2013-06-04 11:16:46
0;-19.844228097251637;528.921754183341136;15.494529369373863;2013-06-04 11:23:11
2;-19.64462742712643;506.064288205777473;15.65516538430837;2013-06-04 11:23:11
4;-19.38618002982917;478.240989612119449;15.832783180770358;2013-06-04 11:23:11
6;-19.172618934652071;455.459759500646612;15.981443407597238;2013-06-04 11:23:11
8;-18.915751043092058;427.482800042725728;16.147949735961777;2013-06-04 11:23:11
10;-18.648036107600653;396.870923351157273;16.298221895460525;2013-06-04 11:23:11
12;-18.388659733847398;369.808114609432096;16.292117644214212;2013-06-04 11:23:11
14;-18.180277918780043;346.093937902021594;16.290321178396287;2013-06-04 11:23:11
16;-17.930792200548439;319.495949503226313;16.264685866641127;2013-06-04 11:23:11
18;-17.676389469054072;288.924448257677568;16.206004997322815;2013-06-04 11:23:11
20;-17.417895507735103;261.060558784771843;16.043617990954903;2013-06-04 11:23:11
22;-17.214461782084477;238.447199615267124;15.869911780604975;2013-06-04 11:23:11
24;-16.970316951115002;211.649728886589401;15.686976043006702;2013-06-04 11:23:11
26;-16.720549722270356;186.725803060676498;15.479217531744272;2013-06-04 11:23:11
200;11.42864304949784;-41.611103517136257;-0.074224982068319;2013-06-04 11:23:11
0;-19.840661956585102;528.922071863387828;15.493474345741674;2013-06-04 11:38:03
2;-19.639273140416172;506.065179431395052;15.658585433388099;2013-06-04 11:38:03
4;-19.388721727910543;478.241906868067247;15.837165482865181;2013-06-04 11:38:03
6;-19.174404487526843;455.460161718683594;15.98122860442361;2013-06-04 11:38:03
8;-18.908571403401226;427.483043629083454;16.150872064537577;2013-06-04 11:38:03
10;-18.648965559861615;396.870959290429937;16.300819294930125;2013-06-04 11:38:03
12;-18.384651598045693;369.808829555650902;16.293790951880695;2013-06-04 11:38:03
14;-18.174659162322847;346.094538976113995;16.290789230594349;2013-06-04 11:38:03
16;-17.929573726013118;319.49655923029826;16.266550760234285;2013-06-04 11:38:03
18;-17.674417260111305;288.92462904209458;16.209618625919472;2013-06-04 11:38:03
20;-17.417744818007804;261.060079225449272;16.046908420946103;2013-06-04 11:38:03
22;-17.211842318313984;238.447783914962145;15.871345401320525;2013-06-04 11:38:03
24;-16.969836742464409;211.649488926473538;15.686869681918584;2013-06-04 11:38:03
26;-16.717526315799283;186.726328725236556;15.481361660908682;2013-06-04 11:38:03
200;11.428299650575639;-41.611034570741182;-0.074210964897526;2013-06-04 11:38:03
0;-19.876336606883449;528.91923089074669;15.488568156149633;2013-06-04 11:50:59
2;-19.667993534173995;506.065079701771026;15.68319938704744;2013-06-04 11:50:59
4;-19.417291470446166;478.236932764337553;15.897657573915378;2013-06-04 11:50:59
6;-19.195898490329704;455.451545053210907;16.0350518819995;2013-06-04 11:50:59
8;-18.936960342816334;427.473759414708923;16.164192994258187;2013-06-04 11:50:59
10;-18.670297419213931;396.868134447496061;16.30324297011007;2013-06-04 11:50:59
12;-18.410442823255167;369.80647285478625;16.318124360796862;2013-06-04 11:50:59
14;-18.201580662840648;346.089532036372475;16.323589683840421;2013-06-04 11:50:59
16;-17.951610535522711;319.488093113804837;16.284406736747673;2013-06-04 11:50:59
18;-17.695364271156841;288.917997092863288;16.192109244782614;2013-06-04 11:50:59
20;-17.437677905783104;261.055154658232425;16.019232850325;2013-06-04 11:50:59
22;-17.228520704144444;238.444183511689772;15.849850965425571;2013-06-04 11:50:59
24;-16.982207932680758;211.645314123597103;15.678550929165498;2013-06-04 11:50:59
26;-16.730440877462257;186.725070230488114;15.478782184269974;2013-06-04 11:50:59
200;11.430501699649577;-41.610930795323249;-0.074513429932489;2013-06-04 11:50:59
0;-19.882158567082108;528.918979377144638;15.493694405922241;2013-06-04 11:56:48
2;-19.673076113974574;506.064987310101344;15.68705288026022;2013-06-04 11:56:48
4;-19.426494565856821;478.236851958294949;15.902502534870919;2013-06-04 11:56:48
6;-19.204374004229621;455.451582812271624;16.036787720747565;2013-06-04 11:56:48
8;-18.942080959941229;427.473702003019696;16.162450327426491;2013-06-04 11:56:48
10;-18.672775813804009;396.868071705521004;16.305715487158484;2013-06-04 11:56:48
12;-18.414055149726011;369.805927690138049;16.322575784080694;2013-06-04 11:56:48
14;-18.202663267196613;346.088987880711443;16.331606834348246;2013-06-04 11:56:48
16;-17.955971325678341;319.488201637111104;16.285290968939631;2013-06-04 11:56:48
18;-17.698935146906024;288.917918117286547;16.193365256040064;2013-06-04 11:56:48
20;-17.437798059050643;261.055004459352006;16.021611810153214;2013-06-04 11:56:48
22;-17.229507699633999;238.443892887741839;15.851240676411562;2013-06-04 11:56:48
24;-16.982671246996887;211.645848399500267;15.678805194789119;2013-06-04 11:56:48
26;-16.731614143586178;186.725218735359903;15.478832679447457;2013-06-04 11:56:48
200;11.430456059864387;-41.610836833730907;-0.074301159952728;2013-06-04 11:56:48
0;-19.878164738861948;528.918963484493361;15.487535079703351;2013-06-04 12:01:36
2;-19.674305495337869;506.065794732197503;15.684615050604647;2013-06-04 12:01:36
4;-19.418471680851155;478.237251481171256;15.891866401687587;2013-06-04 12:01:36
6;-19.194113058630826;455.452271015621477;16.034514372422006;2013-06-04 12:01:36
8;-18.933910731307321;427.474387575923004;16.160459223592653;2013-06-04 12:01:36
10;-18.671116283467683;396.868490474982309;16.300462125346993;2013-06-04 12:01:36
12;-18.414996610362934;369.806149468793308;16.318133456916364;2013-06-04 12:01:36
14;-18.201737831665277;346.089547709402325;16.325202554407955;2013-06-04 12:01:36
16;-17.951997690325719;319.488412395619832;16.283399711262994;2013-06-04 12:01:36
18;-17.696710228379658;288.918237688565341;16.191039322618263;2013-06-04 12:01:36
20;-17.4362746013039;261.055294222760665;16.019146565611869;2013-06-04 12:01:36
22;-17.228067285286478;238.443779782234827;15.849010515922313;2013-06-04 12:01:36
24;-16.981363764159404;211.645857418839967;15.677943690821195;2013-06-04 12:01:36
26;-16.729300825766479;186.724902724767361;15.478921298103332;2013-06-04 12:01:36
200;11.430498396234308;-41.610830937152009;-0.07448914704076;2013-06-04 12:01:36
0;-19.885875643925601;528.918085659919143;15.490037628604654;2013-06-04 12:16:51
2;-19.675693176639221;506.063369594867538;15.672726387111071;2013-06-04 12:16:51
4;-19.428230395530562;478.238356890209161;15.8618387845342;2013-06-04 12:16:51
6;-19.207720759004118;455.4542819548019;16.004533312257827;2013-06-04 12:16:51
8;-18.94182302623156;427.476746919497259;16.156371456086248;2013-06-04 12:16:51
10;-18.676016756702232;396.868711510770424;16.306886247962709;2013-06-04 12:16:51
12;-18.417925703220753;369.80599805090435;16.323907439340694;2013-06-04 12:16:51
14;-18.210630931227776;346.08901833876962;16.328802943305117;2013-06-04 12:16:51
16;-17.955235713163184;319.487792894128233;16.288707790398167;2013-06-04 12:16:51
18;-17.700141902330714;288.915433939834713;16.187075399563344;2013-06-04 12:16:51
20;-17.442824397386154;261.052625684386669;15.993711075920233;2013-06-04 12:16:51
22;-17.234934575987111;238.443888765971309;15.818309811722777;2013-06-04 12:16:51
24;-16.987411111287912;211.647553388251964;15.660992223730288;2013-06-04 12:16:51
26;-16.730338348873417;186.725574891366733;15.478964369995699;2013-06-04 12:16:51
200;11.430320733038945;-41.610848929826737;-0.074324856156292;2013-06-04 12:16:51
0;-19.875828994415535;528.91893984828971;15.489177112852095;2013-06-04 12:21:37
2;-19.671717842542975;506.064321337397644;15.671614911251588;2013-06-04 12:21:37
4;-19.420289078378815;478.23783659403091;15.870370221686732;2013-06-04 12:21:37
6;-19.200340957544618;455.454697756070914;16.014102951069759;2013-06-04 12:21:37
8;-18.939443622903475;427.476741251445276;16.157875531767253;2013-06-04 12:21:37
10;-18.675824577372438;396.868126765168711;16.309317597633903;2013-06-04 12:21:37
12;-18.413217933137993;369.805583745656065;16.32735726225383;2013-06-04 12:21:37
14;-18.204886819054529;346.089174585420153;16.334884992027909;2013-06-04 12:21:37
16;-17.954167360329869;319.487994239478724;16.290460020658482;2013-06-04 12:21:37
18;-17.694206138412596;288.915148470742622;16.187118489416772;2013-06-04 12:21:37
20;-17.439408751896096;261.052327767949748;15.995812335487402;2013-06-04 12:21:37
22;-17.230878271835202;238.444444371379262;15.819375341808174;2013-06-04 12:21:37
24;-16.985095032455966;211.646817559581478;15.662350808716468;2013-06-04 12:21:37
26;-16.730315377538787;186.725820137815276;15.479751026557969;2013-06-04 12:21:37
200;11.430496589166983;-41.610935245849959;-0.074144807210594;2013-06-04 12:21:37
0;-19.870954835482728;528.919151039048757;15.487246836420914;2013-06-04 12:25:50
2;-19.666018453026872;506.064830678875808;15.671691116556245;2013-06-04 12:25:50
4;-19.425622355029184;478.238175621222638;15.865901597365749;2013-06-04 12:25:50
6;-19.198563761685598;455.454750507894403;16.006798951847319;2013-06-04 12:25:50
8;-18.936076080780438;427.477084711094335;16.159754759170987;2013-06-04 12:25:50
10;-18.674316433354228;396.868459851765692;16.308516339683397;2013-06-04 12:25:50
12;-18.411875937397348;369.806190539382214;16.32712370575118;2013-06-04 12:25:50
14;-18.201950945825239;346.089149273679197;16.333659731852833;2013-06-04 12:25:50
16;-17.956024152739083;319.487558004407504;16.29222511624765;2013-06-04 12:25:50
18;-17.698970990870102;288.914700006586258;16.187684100681107;2013-06-04 12:25:50
20;-17.440970163175052;261.051512340246518;15.993418736222582;2013-06-04 12:25:50
22;-17.231866364466818;238.443699964811714;15.816763406795447;2013-06-04 12:25:50
24;-16.985838102186072;211.646159633885503;15.658979822812952;2013-06-04 12:25:50
26;-16.729313046366961;186.725208358417291;15.480174280719163;2013-06-04 12:25:50
200;11.430201809534953;-41.611158911056584;-0.07452279094566;2013-06-04 12:25:50
0;-19.896689263276741;528.917569170260322;15.484612854740268;2013-06-04 12:42:52
2;-19.690557306939226;506.062727509632793;15.673740781339571;2013-06-04 12:42:52
4;-19.43780911205932;478.23723861763699;15.863990248910406;2013-06-04 12:42:52
6;-19.217623869170303;455.453081977356362;16.00774390683122;2013-06-04 12:42:52
8;-18.953638503322431;427.475643195293515;16.152540762895359;2013-06-04 12:42:52
10;-18.686032053370603;396.866589757764814;16.303020908936713;2013-06-04 12:42:52
12;-18.421934776305257;369.804104398407276;16.314522364295957;2013-06-04 12:42:52
14;-18.208098201602482;346.087488632150553;16.320216550764734;2013-06-04 12:42:52
16;-17.96202266290026;319.485926563277872;16.282830707921029;2013-06-04 12:42:52
18;-17.70337793669546;288.913089767134807;16.186120271851266;2013-06-04 12:42:52
20;-17.446146927667506;261.049954716267393;15.992633227527868;2013-06-04 12:42:52
22;-17.240007617524462;238.44060891969491;15.8172366000494;2013-06-04 12:42:52
24;-16.990570427576081;211.644276989606766;15.66079020906281;2013-06-04 12:42:52
26;-16.736868855778056;186.725278936515281;15.478466141456137;2013-06-04 12:42:52
200;11.431384112251401;-41.610750551854665;-0.074445199547362;2013-06-04 12:42:52
0;-19.893629805319961;528.917137577797803;15.484322422167518;2013-06-04 12:46:13
2;-19.694556130679686;506.06317728326195;15.664798087425325;2013-06-04 12:46:13
4;-19.443297782233429;478.236948504311101;15.863235860500566;2013-06-04 12:46:13
6;-19.220569716783189;455.45312310145124;16.007266149202518;2013-06-04 12:46:13
8;-18.955448521289611;427.475497646935708;16.153416516433808;2013-06-04 12:46:13
10;-18.688330809198874;396.866943020009387;16.302881925963611;2013-06-04 12:46:13
12;-18.42721382495175;369.803470709268254;16.313531976381331;2013-06-04 12:46:13
14;-18.21480117719608;346.087212238706684;16.319636120095289;2013-06-04 12:46:13
16;-17.964757643369317;319.486017527432523;16.28263374158616;2013-06-04 12:46:13
18;-17.708885229553559;288.912675772652392;16.184816763144369;2013-06-04 12:46:13
20;-17.449053361113201;261.05000362620433;15.992190094691397;2013-06-04 12:46:13
22;-17.240871360334062;238.440954051047925;15.816728886359984;2013-06-04 12:46:13
24;-16.993711175262057;211.644162935597649;15.65867810953111;2013-06-04 12:46:13
26;-16.737806903667895;186.724642649320543;15.479896806136368;2013-06-04 12:46:13
200;11.431438976986588;-41.610745962819728;-0.074406296293996;2013-06-04 12:46:13
0;-19.892361383889607;528.916854898180532;15.489591340308962;2013-06-04 12:50:02
2;-19.690104299569072;506.063212332637761;15.671759538976785;2013-06-04 12:50:02
4;-19.427523373921076;478.238250235913256;15.863303659333505;2013-06-04 12:50:02
6;-19.213534738328121;455.45346279207962;16.006654051212706;2013-06-04 12:50:02
8;-18.951778640144774;427.475928852777884;16.153410719844175;2013-06-04 12:50:02
10;-18.686387295703234;396.866983619168025;16.305144191437694;2013-06-04 12:50:02
12;-18.422565762646379;369.80421647083142;16.317926118836937;2013-06-04 12:50:02
14;-18.209476262732494;346.087570017730854;16.320568360641236;2013-06-04 12:50:02
16;-17.964075988967132;319.486196932204223;16.284199338792789;2013-06-04 12:50:02
18;-17.706712245009946;288.913012198476679;16.185855191205906;2013-06-04 12:50:02
20;-17.448162611399717;261.050116230675087;15.991723206372484;2013-06-04 12:50:02
22;-17.240040256154742;238.441115732460759;15.815528313295394;2013-06-04 12:50:02
24;-16.989892408883009;211.644300454239982;15.661575136682512;2013-06-04 12:50:02
26;-16.737650642101876;186.725440462178256;15.477694821401977;2013-06-04 12:50:02
200;11.431458240736145;-41.610749478122557;-0.073918066389221;2013-06-04 12:50:02
0;-19.912413433726229;528.917262745595963;15.498569061332924;2013-06-04 13:12:49
2;-19.702169159806758;506.06740359527538;15.670985909942782;2013-06-04 13:12:49
4;-19.451867114336508;478.240962152755117;15.857103458998274;2013-06-04 13:12:49
6;-19.224428957805564;455.45663474132698;16.0004118722984;2013-06-04 13:12:49
8;-18.957815992261033;427.478931673584555;16.15087751137893;2013-06-04 13:12:49
10;-18.695633378814186;396.869443906711695;16.302108818821722;2013-06-04 13:12:49
12;-18.431565053264023;369.807226354504451;16.31313554060041;2013-06-04 13:12:49
14;-18.218070082720807;346.089418179540075;16.319417970387601;2013-06-04 13:12:49
16;-17.96870088376243;319.488445351683652;16.284394152770279;2013-06-04 13:12:49
18;-17.712225282103653;288.914055594466504;16.181485830071761;2013-06-04 13:12:49
20;-17.447073457891378;261.051290432717622;15.983164051002296;2013-06-04 13:12:49
22;-17.239933984948458;238.442654970571255;15.806774911389523;2013-06-04 13:12:49
24;-16.995632688414076;211.64443005120944;15.653941546354902;2013-06-04 13:12:49
26;-16.742159968752432;186.725349762357837;15.479867634205462;2013-06-04 13:12:49
200;11.432122845595272;-41.610719650550109;-0.07479906598108;2013-06-04 13:12:49
0;-19.899527212881978;528.918035433637328;15.495279122113912;2013-06-04 13:16:06
2;-19.69929089443243;506.06749941921322;15.669693636875451;2013-06-04 13:16:06
4;-19.442718916303924;478.241367013366698;15.854561180727179;2013-06-04 13:16:06
6;-19.219908270267446;455.45721200211716;16.000201083494279;2013-06-04 13:16:06
8;-18.957634061460325;427.479583026076455;16.152578918941639;2013-06-04 13:16:06
10;-18.691674003309657;396.869605382490363;16.304725580150517;2013-06-04 13:16:06
12;-18.424910148835274;369.807289489937659;16.313319757493865;2013-06-04 13:16:06
14;-18.213824671310043;346.090082131232066;16.320667421570782;2013-06-04 13:16:06
16;-17.966081216746304;319.488550924764411;16.282429691806772;2013-06-04 13:16:06
18;-17.707952768093357;288.914498963578296;16.183975244165605;2013-06-04 13:16:06
20;-17.44721132559097;261.051267267546166;15.983335007697789;2013-06-04 13:16:06
22;-17.239676976869752;238.442178099607162;15.808378271893485;2013-06-04 13:16:06
24;-16.992049927422983;211.645064593032572;15.65076387327562;2013-06-04 13:16:06
26;-16.739023110647132;186.726326200672958;15.479003432178827;2013-06-04 13:16:06
200;11.432129539428628;-41.610724111439268;-0.074330075365929;2013-06-04 13:16:06
0;-19.90791008597072;528.91794207124326;15.490044203592733;2013-06-04 13:20:21
2;-19.701223161017566;506.067956878352959;15.667617228475107;2013-06-04 13:20:21
4;-19.445326715977544;478.241646915996625;15.853674535540096;2013-06-04 13:20:21
6;-19.227322652776664;455.457559672395632;15.997606308107374;2013-06-04 13:20:21
8;-18.96021455892005;427.479728884586564;16.1523824454578;2013-06-04 13:20:21
10;-18.697005248423253;396.869570361538194;16.30420144682995;2013-06-04 13:20:21
12;-18.426806665366513;369.806880921387062;16.312681212921621;2013-06-04 13:20:21
14;-18.219442356397614;346.089499428158945;16.322002710854711;2013-06-04 13:20:21
16;-17.969800085029163;319.488232650141867;16.28488322125196;2013-06-04 13:20:21
18;-17.709790898648905;288.914304925056967;16.180820444471092;2013-06-04 13:20:21
20;-17.447281309177761;261.051048674126491;15.983517705396604;2013-06-04 13:20:21
22;-17.241060685697846;238.441959169130627;15.806367060552338;2013-06-04 13:20:21
24;-16.994296289364314;211.6446831160454;15.652521371281622;2013-06-04 13:20:21
26;-16.745316546460842;186.725221862421421;15.478886749876127;2013-06-04 13:20:21
200;11.432575920329578;-41.610884361416218;-0.074313907333235;2013-06-04 13:20:21
0;-19.910019479092526;528.917256745582904;15.489090974609555;2013-06-04 13:46:54
2;-19.69557653230833;506.071362358152271;15.664576240521493;2013-06-04 13:46:54
4;-19.443689016772709;478.244586985655133;15.864939923010773;2013-06-04 13:46:54
6;-19.22416737473695;455.459521931066604;16.010323938525694;2013-06-04 13:46:54
8;-18.957754257901271;427.48088689528953;16.157868132678974;2013-06-04 13:46:54
10;-18.693624057387495;396.868982534287795;16.286714861697067;2013-06-04 13:46:54
12;-18.427673768148679;369.807528439079306;16.281691980404137;2013-06-04 13:46:54
14;-18.21942913504099;346.092577692982388;16.287196529077629;2013-06-04 13:46:54
16;-17.967773819605988;319.492529506852748;16.266002571601216;2013-06-04 13:46:54
18;-17.710881118807897;288.91695392974168;16.187779544995273;2013-06-04 13:46:54
20;-17.449314923389331;261.05217773418849;15.997079665182813;2013-06-04 13:46:54
22;-17.240266880382599;238.441460630963888;15.820434873678085;2013-06-04 13:46:54
24;-16.991700576489663;211.644649396083452;15.660196868512108;2013-06-04 13:46:54
26;-16.739532855084043;186.726646386710797;15.479244403574272;2013-06-04 13:46:54
200;11.432249276454877;-41.610814161107577;-0.074278040619416;2013-06-04 13:46:54
0;-19.905386024799434;528.917176090643352;15.489954406928199;2013-06-04 13:50:47
2;-19.700994054165122;506.070444542445387;15.668611155305195;2013-06-04 13:50:47
4;-19.447087228592615;478.243796101667783;15.864783264189445;2013-06-04 13:50:47
6;-19.221436051371683;455.459699445451861;16.009889239173791;2013-06-04 13:50:47
8;-18.959375590420287;427.481079175555578;16.155297431567369;2013-06-04 13:50:47
10;-18.694443125737692;396.870050227317961;16.293852119410907;2013-06-04 13:50:47
12;-18.428878501848544;369.807769894794262;16.28819903362831;2013-06-04 13:50:47
14;-18.218645282835318;346.09236453466599;16.291002137621202;2013-06-04 13:50:47
16;-17.965793369690672;319.492764538279459;16.268573006450964;2013-06-04 13:50:47
18;-17.711357441407785;288.917208376227677;16.189760896314692;2013-06-04 13:50:47
20;-17.448095095648902;261.052397993913246;15.997034446796313;2013-06-04 13:50:47
22;-17.240160293678855;238.441751741842779;15.819183786309926;2013-06-04 13:50:47
24;-16.991471996365789;211.644549728058962;15.660557275865424;2013-06-04 13:50:47
26;-16.742096895978889;186.726084333767204;15.478325835433276;2013-06-04 13:50:47
200;11.432137428962182;-41.610820223321426;-0.074662148025038;2013-06-04 13:50:47
0;-19.918894430580124;528.915539648489585;15.489168500198311;2013-06-04 14:00:50
2;-19.711280268367517;506.072363817505845;15.684693527612398;2013-06-04 14:00:50
4;-19.452972434047076;478.242472266788354;15.897429379298044;2013-06-04 14:00:50
6;-19.232138159005274;455.456454827874268;16.035357664102129;2013-06-04 14:00:50
8;-18.974597415925572;427.477412638005205;16.165397690308772;2013-06-04 14:00:50
10;-18.702254548210988;396.869754025216537;16.305040919510027;2013-06-04 14:00:50
12;-18.442898573289391;369.807560773788168;16.316296334781466;2013-06-04 14:00:50
14;-18.229986978194688;346.089063506072023;16.324568243586988;2013-06-04 14:00:50
16;-17.977390110513547;319.487646723037415;16.283813631723323;2013-06-04 14:00:50
18;-17.717749220505524;288.916009673670885;16.193696411476356;2013-06-04 14:00:50
20;-17.457361928410528;261.052222030913072;16.020683301922436;2013-06-04 14:00:50
22;-17.246336897397285;238.440392859951288;15.851096509103872;2013-06-04 14:00:50
24;-16.997406191343906;211.640961190071692;15.678782589299837;2013-06-04 14:00:50
26;-16.743592228158604;186.725453203441418;15.479855125305653;2013-06-04 14:00:50
200;11.432560340187454;-41.610779858878914;-0.074572341807925;2013-06-04 14:00:50
0;-19.91823975079911;528.916110056600928;15.472456223394326;2013-06-04 14:06:11
2;-19.703554049789346;506.073994471519029;15.679110641817193;2013-06-04 14:06:11
4;-19.459553502361246;478.24389505194074;15.897867977203283;2013-06-04 14:06:11
6;-19.234952961338095;455.457120888313682;16.031056399427698;2013-06-04 14:06:11
8;-18.974073613451395;427.477841648208141;16.161599325201976;2013-06-04 14:06:11
10;-18.714248289017306;396.870470887072031;16.295141747503372;2013-06-04 14:06:11
12;-18.440539602459182;369.808120721106377;16.314066881683935;2013-06-04 14:06:11
14;-18.23406144728974;346.089379740517927;16.321286590708773;2013-06-04 14:06:11
16;-17.976443375304093;319.488686101041822;16.277334299084682;2013-06-04 14:06:11
18;-17.72063373378775;288.916819231377872;16.192857896734115;2013-06-04 14:06:11
20;-17.459598624853548;261.052019724405;16.020193612225576;2013-06-04 14:06:11
22;-17.249908164708408;238.44001409170076;15.850586793070921;2013-06-04 14:06:11
24;-17.001034687133632;211.640252858096289;15.677622552404786;2013-06-04 14:06:11
26;-16.748337838173953;186.725820696834944;15.479064133159438;2013-06-04 14:06:11
200;11.432943687065155;-41.610676896163952;-0.074732637213325;2013-06-04 14:06:11
0;-19.924278219998598;528.915399924821486;15.486293056537955;2013-06-04 14:09:02
2;-19.720347994267051;506.073665019790326;15.689553612393764;2013-06-04 14:09:02
4;-19.461431491951508;478.243644118964937;15.90233370232578;2013-06-04 14:09:02
6;-19.243335414289987;455.45706768844758;16.038565936846634;2013-06-04 14:09:02
8;-18.97523085621863;427.478057100105161;16.164698512016429;2013-06-04 14:09:02
10;-18.710691785339797;396.870498621991999;16.300467598218717;2013-06-04 14:09:02
12;-18.445906727856574;369.807818365695027;16.319313863604393;2013-06-04 14:09:02
14;-18.23113861835283;346.089709940608202;16.323283186238857;2013-06-04 14:09:02
16;-17.977568778483764;319.488109944161522;16.281116287129102;2013-06-04 14:09:02
18;-17.722801911043597;288.916645982827674;16.192534946449037;2013-06-04 14:09:02
20;-17.460395154915958;261.052372460957827;16.01973641387147;2013-06-04 14:09:02
22;-17.250291064911188;238.440619747082252;15.849935040084093;2013-06-04 14:09:02
24;-16.999184415469486;211.640966951787505;15.677677954718686;2013-06-04 14:09:02
26;-16.745756423243037;186.726721823764052;15.474342162217598;2013-06-04 14:09:02
200;11.433385928318128;-41.610725921750458;-0.075747189411149;2013-06-04 14:09:02
0;-19.907498678301728;528.916349550774953;15.491089802791681;2013-06-04 14:27:02
2;-19.702639018266325;506.069908005064065;15.686754381956591;2013-06-04 14:27:02
4;-19.449952606956252;478.240047194294732;15.888132885474612;2013-06-04 14:27:02
6;-19.224894064811551;455.45399814023142;16.02850559646107;2013-06-04 14:27:02
8;-18.965317525098591;427.475159858788174;16.159492165283897;2013-06-04 14:27:02
10;-18.697031663505925;396.869179340352332;16.311298208733884;2013-06-04 14:27:02
12;-18.435244160188013;369.805393888935498;16.347017052288944;2013-06-04 14:27:02
14;-18.220854608801631;346.085754267725235;16.361219528613407;2013-06-04 14:27:02
16;-17.972110781766879;319.48057055762979;16.308781979651204;2013-06-04 14:27:02
18;-17.71089073039316;288.905497985615;16.162972840359565;2013-06-04 14:27:02
20;-17.452656053434957;261.04412969702372;15.930221135705775;2013-06-04 14:27:02
22;-17.244142083646025;238.438736752807444;15.750419265968493;2013-06-04 14:27:02
24;-16.994308464265885;211.642755970495926;15.625306207712155;2013-06-04 14:27:02
26;-16.741743645091901;186.726179821302935;15.472345351043046;2013-06-04 14:27:02
200;11.432228629678256;-41.610746843217981;-0.074304450887703;2013-06-04 14:27:02
0;-19.908901734134325;528.916276822792952;15.494582365097859;2013-06-04 14:32:35
2;-19.695528610949459;506.06979764544775;15.68669040583525;2013-06-04 14:32:35
4;-19.446965492535242;478.240241491111988;15.890533716129317;2013-06-04 14:32:35
6;-19.226384867852936;455.454184676111538;16.026298147557732;2013-06-04 14:32:35
8;-18.962825973845383;427.475334610885056;16.158991694234249;2013-06-04 14:32:35
10;-18.697707318645143;396.869052029308648;16.315912363168071;2013-06-04 14:32:35
12;-18.433753406517575;369.805158450989893;16.345600724726957;2013-06-04 14:32:35
14;-18.217198649563308;346.085551249400226;16.365114518462232;2013-06-04 14:32:35
16;-17.96949267428063;319.480972730230917;16.304857507459083;2013-06-04 14:32:35
18;-17.711321526352371;288.905558939325942;16.161120250302414;2013-06-04 14:32:35
20;-17.45412665257988;261.043967882593904;15.92884269526707;2013-06-04 14:32:35
22;-17.246168193829931;238.438469749124266;15.749713149352569;2013-06-04 14:32:35
24;-16.996461870793965;211.642698314514661;15.624015024551056;2013-06-04 14:32:35
26;-16.74365022582689;186.725785806840491;15.471654240378424;2013-06-04 14:32:35
200;11.432267113695101;-41.610841628362891;-0.074500862401263;2013-06-04 14:32:35
0;-19.907914590325454;528.916572372270821;15.485983891351278;2013-06-04 14:35:46
2;-19.700172735828787;506.06944773483059;15.679859858409285;2013-06-04 14:35:46
4;-19.443854034365302;478.240187683835018;15.885268032343541;2013-06-04 14:35:46
6;-19.225631970443736;455.453775991288467;16.021940868886055;2013-06-04 14:35:46
8;-18.961624780158232;427.476191078414388;16.154063306321163;2013-06-04 14:35:46
10;-18.697177383788073;396.869532988360902;16.307179177534049;2013-06-04 14:35:46
12;-18.430117640274993;369.805487947353697;16.346282115990647;2013-06-04 14:35:46
14;-18.220160182886595;346.085892274421838;16.359324982714408;2013-06-04 14:35:46
16;-17.969350048331101;319.481271348406779;16.305148127705984;2013-06-04 14:35:46
18;-17.709990531743713;288.905634001062197;16.161904859449496;2013-06-04 14:35:46
20;-17.452429394000859;261.043917406716332;15.932522568886691;2013-06-04 14:35:46
22;-17.243065164576038;238.438333472032014;15.752213378351652;2013-06-04 14:35:46
24;-16.994367398479383;211.643131942931461;15.625605958132079;2013-06-04 14:35:46
26;-16.742791546258587;186.725782709048502;15.47181529383904;2013-06-04 14:35:46
200;11.432424548329443;-41.610830758854078;-0.074176101044947;2013-06-04 14:35:46
0;-19.905275973112794;528.918324727736604;15.478539489360537;2013-06-04 14:52:55
2;-19.699537145647739;506.067062608263029;15.646865072676219;2013-06-04 14:52:55
4;-19.447450877312399;478.242766551592013;15.813881438141587;2013-06-04 14:52:55
6;-19.224484358200648;455.461554781998245;15.948137309584276;2013-06-04 14:52:55
8;-18.963484657708868;427.485740543100178;16.130885499708139;2013-06-04 14:52:55
10;-18.699582175211496;396.873793751761923;16.322190352151434;2013-06-04 14:52:55
12;-18.433027792584028;369.808190804992194;16.353385911033609;2013-06-04 14:52:55
14;-18.220271595604849;346.088693440188081;16.352703791856868;2013-06-04 14:52:55
16;-17.968863633911894;319.486415304463662;16.293158604830339;2013-06-04 14:52:55
18;-17.711289097918737;288.915393579709871;16.187865627443177;2013-06-04 14:52:55
20;-17.448910252783577;261.051707771140457;16.012060708798998;2013-06-04 14:52:55
22;-17.242548514165271;238.439493983417577;15.838978395102936;2013-06-04 14:52:55
24;-16.995478282456958;211.640676491923358;15.673505314897346;2013-06-04 14:52:55
26;-16.741482188362482;186.728606714761213;15.476688586610146;2013-06-04 14:52:55
200;11.432171305461479;-41.61074819925242;-0.074663244803067;2013-06-04 14:52:55
0;-19.908622368276319;528.917945422319804;15.478627356727833;2013-06-04 14:58:15
2;-19.700639341773758;506.067414532497594;15.646483464551533;2013-06-04 14:58:15
4;-19.44093150530491;478.243108417901112;15.799161421300708;2013-06-04 14:58:15
6;-19.220006116380773;455.461746276729059;15.947401422031671;2013-06-04 14:58:15
8;-18.960784751202851;427.485655949325121;16.126844448574936;2013-06-04 14:58:15
10;-18.696049173413556;396.874226475239254;16.32229783265656;2013-06-04 14:58:15
12;-18.429095112219919;369.808141608657934;16.354028990252928;2013-06-04 14:58:15
14;-18.220493605771431;346.088078428792642;16.352615972209001;2013-06-04 14:58:15
16;-17.969922223718058;319.486094657733133;16.293868207873459;2013-06-04 14:58:15
18;-17.70971172656332;288.915332103494165;16.18408126450484;2013-06-04 14:58:15
20;-17.44982328291556;261.051981961652075;16.007578098774573;2013-06-04 14:58:15
22;-17.242718479263523;238.439657166966839;15.839306573535733;2013-06-04 14:58:15
24;-16.993801651029962;211.6408463232315;15.672396137806626;2013-06-04 14:58:15
26;-16.740260091911523;186.728086139661144;15.477604656680098;2013-06-04 14:58:15
200;11.432076210133149;-41.610757735974033;-0.074584514574616;2013-06-04 14:58:15
0;-19.907337550519493;528.917619220998063;15.481928256800963;2013-06-04 15:01:30
2;-19.707941084803494;506.0667551273703;15.64177594349484;2013-06-04 15:01:30
4;-19.444912642983823;478.243260617323074;15.809235346221236;2013-06-04 15:01:30
6;-19.224445333724162;455.461590307194967;15.950122331899468;2013-06-04 15:01:30
8;-18.965245896727559;427.485373358858169;16.12966789385036;2013-06-04 15:01:30
10;-18.698099564329716;396.873874672174452;16.322652378298098;2013-06-04 15:01:30
12;-18.433674632386754;369.807397497823729;16.356808727957404;2013-06-04 15:01:30
14;-18.219385393064499;346.088457039334344;16.350527153672029;2013-06-04 15:01:30
16;-17.972638812343639;319.486149705543482;16.292377254327562;2013-06-04 15:01:30
18;-17.71488764361613;288.915452763364897;16.182721026363815;2013-06-04 15:01:30
20;-17.449106830497058;261.051769182245948;16.008955654536649;2013-06-04 15:01:30
22;-17.243314441563768;238.43929914103947;15.839210086311914;2013-06-04 15:01:30
24;-16.99586962626271;211.641051347683117;15.673270681112088;2013-06-04 15:01:30
26;-16.741888154596076;186.728253870659216;15.479257928301967;2013-06-04 15:01:30
200;11.43242048330676;-41.610827527710995;-0.074509402051167;2013-06-04 15:01:30
0;-19.912125645398142;528.915106953721079;15.490567107793487;2013-06-04 15:18:09
2;-19.706038226850055;506.076308405318343;15.688121745777346;2013-06-04 15:18:09
4;-19.45215798903623;478.245869810776639;15.900931083478579;2013-06-04 15:18:09
6;-19.220184353312966;455.46009071056443;16.036578162967722;2013-06-04 15:18:09
8;-18.963586111028448;427.4804918888305;16.1648284627218;2013-06-04 15:18:09
10;-18.696844765756651;396.872470115061844;16.300372127495425;2013-06-04 15:18:09
12;-18.433170451483981;369.809590717021706;16.317027734936463;2013-06-04 15:18:09
14;-18.222600937774089;346.091648413348537;16.325580741532459;2013-06-04 15:18:09
16;-17.970135954811148;319.489666156207761;16.284651530762329;2013-06-04 15:18:09
18;-17.716367925793087;288.916767747995493;16.190676349998263;2013-06-04 15:18:09
20;-17.453997395130223;261.052977514561746;16.021467195197786;2013-06-04 15:18:09
22;-17.241034136277626;238.44063406921984;15.850850672543755;2013-06-04 15:18:09
24;-16.995778861006322;211.641328751344332;15.678805478406503;2013-06-04 15:18:09
26;-16.742431685747604;186.728374385957295;15.477785354653792;2013-06-04 15:18:09
200;11.432160108605373;-41.610815618435929;-0.074371765193718;2013-06-04 15:18:09
0;-19.914222846157031;528.914819772508281;15.493264317779241;2013-06-04 15:21:55
2;-19.699988964917331;506.076814208247299;15.688967008826602;2013-06-04 15:21:55
4;-19.451181963210381;478.246228469738014;15.90398755859399;2013-06-04 15:21:55
6;-19.223895904317466;455.459053012993309;16.042910750206165;2013-06-04 15:21:55
8;-18.965053119115879;427.480501731863114;16.167533057014829;2013-06-04 15:21:55
10;-18.696539760950913;396.87290441064755;16.30005106834469;2013-06-04 15:21:55
12;-18.436249566187684;369.809327653461935;16.315709064080615;2013-06-04 15:21:55
14;-18.222662166363122;346.091060945272943;16.322930095162246;2013-06-04 15:21:55
16;-17.965518653073353;319.490009343871634;16.283169589892832;2013-06-04 15:21:55
18;-17.707868679737899;288.9178255156163;16.194258266015453;2013-06-04 15:21:55
20;-17.452196665820445;261.052741380779821;16.021576340272468;2013-06-04 15:21:55
22;-17.242486647915356;238.440714685346563;15.850374369667064;2013-06-04 15:21:55
24;-16.993542425816905;211.641182198248032;15.677371706227126;2013-06-04 15:21:55
26;-16.74133489842184;186.728826573684159;15.4776867902094;2013-06-04 15:21:55
200;11.432287449998588;-41.61070336125124;-0.074390588957512;2013-06-04 15:21:55
0;-19.913121337057127;528.914630929279156;15.49137185127088;2013-06-04 15:25:48
2;-19.705592597308737;506.076823161642267;15.688475128596965;2013-06-04 15:25:48
4;-19.452521865580295;478.246397623089308;15.896325856548955;2013-06-04 15:25:48
6;-19.223809482474842;455.459740252796564;16.034633001314436;2013-06-04 15:25:48
8;-18.963500442982159;427.480512980389506;16.16164421565939;2013-06-04 15:25:48
10;-18.69634187682118;396.873067323700752;16.296261292038274;2013-06-04 15:25:48
12;-18.433415787210542;369.809653314960826;16.315138768715865;2013-06-04 15:25:48
14;-18.221036675142379;346.091598062388471;16.322632349140104;2013-06-04 15:25:48
16;-17.973109454610707;319.489461614091283;16.281879151557998;2013-06-04 15:25:48
18;-17.714128319803059;288.917309443796341;16.189864232548953;2013-06-04 15:25:48
20;-17.452583330350848;261.052895897569954;16.016562794659706;2013-06-04 15:25:48
22;-17.242765135464424;238.441025061229567;15.84818405315565;2013-06-04 15:25:48
24;-16.994666668106277;211.641542253208286;15.674691754882666;2013-06-04 15:25:48
26;-16.741271648114314;186.728064964533388;15.477181281702997;2013-06-04 15:25:48
200;11.432303447377677;-41.61070165969209;-0.074412829524448;2013-06-04 15:25:48
