year,week,start,end,man_0_34,man_35_39,man_40_44,man_45_49,man_50_54,man_55_59,man_60_64,man_65_69,man_70_74,man_75_79,man_80_84,man_85_89,man_90_,man_total,woman_0_34,woman_35_39,woman_40_44,woman_45_49,woman_50_54,woman_55_59,woman_60_64,woman_65_69,woman_70_74,woman_75_79,woman_80_84,woman_85_89,woman_90_,woman_total,all_0_34,all_35_39,all_40_44,all_45_49,all_50_54,all_55-59,all_60_64,all_65_69,all_70_74,all_75_79,all_80_84,all_85_89,all_90_,all_total
2015,1,2014.12.29.,2015.01.04.,19,13,15,38,71,111,186,164,162,203,194,123,64,1363,22,4,6,10,35,46,84,94,139,185,308,300,204,1437,41,17,21,48,106,157,270,258,301,388,502,423,268,2800
2015,2,2015.01.05.,2015.01.11.,25,7,33,40,60,139,176,180,182,177,186,119,73,1397,11,2,10,16,33,63,115,115,147,225,312,288,271,1608,36,9,43,56,93,202,291,295,329,402,498,407,344,3005
2015,3,2015.01.12.,2015.01.18.,21,8,17,37,74,115,151,157,192,197,166,139,84,1358,13,9,4,15,26,60,111,100,156,218,292,309,229,1542,34,17,21,52,100,175,262,257,348,415,458,448,313,2900
2015,4,2015.01.19.,2015.01.25.,24,16,14,37,58,112,183,183,184,202,202,150,84,1449,16,6,9,18,40,69,98,113,151,200,305,310,221,1556,40,22,23,55,98,181,281,296,335,402,507,460,305,3005
2015,5,2015.01.26.,2015.02.01.,19,9,20,30,51,121,166,165,197,196,184,147,88,1393,13,9,17,16,34,62,100,119,144,232,314,358,256,1674,32,18,37,46,85,183,266,284,341,428,498,505,344,3067
2015,6,2015.02.02.,2015.02.08.,22,12,16,52,69,104,163,206,214,231,205,167,87,1548,14,1,14,18,43,75,104,141,179,225,344,353,291,1802,36,13,30,70,112,179,267,347,393,456,549,520,378,3350
2015,7,2015.02.09.,2015.02.15.,13,17,21,39,57,106,162,198,198,191,227,184,78,1491,11,8,12,16,35,70,105,128,156,235,382,352,279,1789,24,25,33,55,92,176,267,326,354,426,609,536,357,3280
2015,8,2015.02.16.,2015.02.22.,26,12,25,29,53,142,176,184,199,218,207,195,92,1558,17,6,7,15,31,57,92,117,196,241,335,377,300,1791,43,18,32,44,84,199,268,301,395,459,542,572,392,3349
2015,9,2015.02.23.,2015.03.01.,16,12,19,33,66,113,183,147,212,178,221,168,88,1456,13,7,12,19,30,56,81,96,163,243,315,357,272,1664,29,19,31,52,96,169,264,243,375,421,536,525,360,3120
2015,10,2015.03.02.,2015.03.08.,27,10,18,43,69,113,140,179,170,182,196,140,87,1374,7,6,11,18,32,63,83,111,141,230,316,338,232,1588,34,16,29,61,101,176,223,290,311,412,512,478,319,2962
2015,11,2015.03.09.,2015.03.15.,21,12,17,39,69,113,158,159,172,164,186,132,65,1307,11,7,5,22,29,44,93,111,154,195,277,322,200,1470,32,19,22,61,98,157,251,270,326,359,463,454,265,2777
2015,12,2015.03.16.,2015.03.22.,13,18,23,34,73,113,153,171,192,186,168,127,68,1339,14,3,6,13,35,59,82,96,136,204,282,266,229,1425,27,21,29,47,108,172,235,267,328,390,450,393,297,2764
2015,13,2015.03.23.,2015.03.29.,22,12,15,32,61,118,155,144,186,171,192,125,63,1296,7,6,7,14,35,51,101,110,133,196,272,267,195,1394,29,18,22,46,96,169,256,254,319,367,464,392,258,2690
2015,14,2015.03.30.,2015.04.05.,19,14,21,30,50,120,155,167,156,183,161,114,64,1254,11,8,10,16,25,51,85,93,144,186,279,266,211,1385,30,22,31,46,75,171,240,260,300,369,440,380,275,2639
2015,15,2015.04.06.,2015.04.12.,19,11,14,33,53,114,178,159,164,157,191,91,77,1261,12,5,11,19,22,58,90,89,122,188,264,252,219,1351,31,16,25,52,75,172,268,248,286,345,455,343,296,2612
2015,16,2015.04.13.,2015.04.19.,18,18,16,28,46,100,155,154,167,177,176,129,67,1251,8,6,17,18,29,37,104,96,134,194,262,264,192,1361,26,24,33,46,75,137,259,250,301,371,438,393,259,2612
2015,17,2015.04.20.,2015.04.26.,22,13,15,44,44,110,141,173,156,174,158,123,65,1238,6,9,15,15,31,47,87,95,147,173,249,281,205,1360,28,22,30,59,75,157,228,268,303,347,407,404,270,2598
2015,18,2015.04.27.,2015.05.03.,17,10,23,30,51,114,114,145,169,144,165,98,72,1152,17,7,10,20,25,42,86,101,146,162,268,235,196,1315,34,17,33,50,76,156,200,246,315,306,433,333,268,2467
2015,19,2015.05.04.,2015.05.10.,29,10,28,37,52,84,139,154,140,139,169,100,83,1164,8,1,7,17,24,62,81,92,125,151,254,247,187,1256,37,11,35,54,76,146,220,246,265,290,423,347,270,2420
2015,20,2015.05.11.,2015.05.17.,26,9,19,27,67,90,144,146,149,152,154,109,48,1140,12,7,9,11,22,57,95,92,102,174,213,211,148,1153,38,16,28,38,89,147,239,238,251,326,367,320,196,2293
2015,21,2015.05.18.,2015.05.24.,21,12,18,35,43,102,167,118,146,128,136,110,66,1102,7,7,6,14,32,57,66,100,109,179,229,207,159,1172,28,19,24,49,75,159,233,218,255,307,365,317,225,2274
2015,22,2015.05.25.,2015.05.31.,25,10,22,36,49,95,162,139,140,138,129,102,53,1100,9,6,9,10,26,46,73,91,106,141,200,211,149,1077,34,16,31,46,75,141,235,230,246,279,329,313,202,2177
2015,23,2015.06.01.,2015.06.07.,33,5,17,22,59,111,137,183,172,154,149,113,63,1218,13,1,10,18,27,51,82,93,129,170,234,220,168,1216,46,6,27,40,86,162,219,276,301,324,383,333,231,2434
2015,24,2015.06.08.,2015.06.14.,23,16,10,29,45,102,172,132,143,144,123,96,71,1106,11,2,12,18,27,47,90,99,135,157,204,212,178,1192,34,18,22,47,72,149,262,231,278,301,327,308,249,2298
2015,25,2015.06.15.,2015.06.21.,21,11,19,30,41,82,139,112,119,120,158,97,55,1004,18,8,11,17,20,45,60,92,95,135,186,199,177,1063,39,19,30,47,61,127,199,204,214,255,344,296,232,2067
2015,26,2015.06.22.,2015.06.28.,30,14,14,26,51,97,132,133,162,116,122,91,50,1038,14,4,15,14,30,42,77,92,118,150,198,192,157,1103,44,18,29,40,81,139,209,225,280,266,320,283,207,2141
2015,27,2015.06.29.,2015.07.05.,22,11,12,22,61,110,138,154,163,169,163,97,65,1187,14,7,9,19,31,44,72,90,129,164,219,216,182,1196,36,18,21,41,92,154,210,244,292,333,382,313,247,2383
2015,28,2015.07.06.,2015.07.12.,29,10,14,40,59,100,170,133,177,152,154,101,59,1198,11,0,7,23,32,51,87,92,114,177,253,238,208,1293,40,10,21,63,91,151,257,225,291,329,407,339,267,2491
2015,29,2015.07.13.,2015.07.19.,34,20,18,29,64,100,168,127,148,120,148,117,65,1158,14,3,11,18,25,58,81,81,112,156,238,229,174,1200,48,23,29,47,89,158,249,208,260,276,386,346,239,2358
2015,30,2015.07.20.,2015.07.26.,45,11,12,39,63,101,161,149,184,173,164,114,80,1296,12,7,7,21,26,49,80,87,139,183,261,267,190,1329,57,18,19,60,89,150,241,236,323,356,425,381,270,2625
2015,31,2015.07.27.,2015.08.02.,19,11,14,25,55,94,139,145,120,113,136,101,60,1032,13,8,11,12,17,35,55,79,98,135,190,186,149,988,32,19,25,37,72,129,194,224,218,248,326,287,209,2020
2015,32,2015.08.03.,2015.08.09.,29,10,23,29,51,92,160,137,165,149,138,109,63,1155,13,3,5,15,40,33,90,108,130,162,230,219,175,1223,42,13,28,44,91,125,250,245,295,311,368,328,238,2378
2015,33,2015.08.10.,2015.08.16.,19,15,26,26,68,100,153,184,173,162,158,125,77,1286,14,6,13,17,37,55,96,120,141,181,278,288,215,1461,33,21,39,43,105,155,249,304,314,343,436,413,292,2747
2015,34,2015.08.17.,2015.08.23.,24,9,12,37,54,94,126,115,112,132,118,92,54,979,7,3,10,10,24,34,75,76,83,139,199,208,155,1023,31,12,22,47,78,128,201,191,195,271,317,300,209,2002
2015,35,2015.08.24.,2015.08.30.,23,15,17,43,44,88,131,138,145,146,136,109,71,1106,9,8,9,16,25,54,81,80,101,161,213,228,191,1176,32,23,26,59,69,142,212,218,246,307,349,337,262,2282
2015,36,2015.08.31.,2015.09.06.,17,10,15,30,43,85,141,140,150,154,120,106,71,1082,7,8,4,17,23,52,67,75,117,169,205,231,163,1138,24,18,19,47,66,137,208,215,267,323,325,337,234,2220
2015,37,2015.09.07.,2015.09.13.,28,8,17,43,55,108,138,155,121,116,157,107,66,1119,6,6,9,15,27,57,73,80,111,135,201,186,167,1073,34,14,26,58,82,165,211,235,232,251,358,293,233,2192
2015,38,2015.09.14.,2015.09.20.,22,12,15,41,46,108,141,169,149,140,156,122,59,1180,5,5,14,12,37,51,82,83,121,177,217,238,157,1199,27,17,29,53,83,159,223,252,270,317,373,360,216,2379
2015,39,2015.09.21.,2015.09.27.,18,10,21,28,52,78,162,142,130,135,141,91,64,1072,15,8,6,13,27,48,66,80,131,141,204,189,147,1075,33,18,27,41,79,126,228,222,261,276,345,280,211,2147
2015,40,2015.09.28.,2015.10.04.,15,11,20,28,44,102,121,129,141,144,142,97,80,1074,11,5,8,14,26,67,93,97,120,143,172,193,169,1118,26,16,28,42,70,169,214,226,261,287,314,290,249,2192
2015,41,2015.10.05.,2015.10.11.,21,17,15,30,49,88,136,144,163,169,138,103,70,1143,8,4,7,17,27,52,81,87,108,173,240,213,172,1189,29,21,22,47,76,140,217,231,271,342,378,316,242,2332
2015,42,2015.10.12.,2015.10.18.,23,12,27,40,57,100,144,158,160,156,143,122,81,1223,5,3,6,18,32,44,79,90,118,165,210,273,197,1240,28,15,33,58,89,144,223,248,278,321,353,395,278,2463
2015,43,2015.10.19.,2015.10.25.,26,12,17,41,58,92,148,140,172,161,143,121,59,1190,10,3,9,14,26,57,82,93,135,148,252,250,168,1247,36,15,26,55,84,149,230,233,307,309,395,371,227,2437
2015,44,2015.10.26.,2015.11.01.,19,8,16,28,61,105,150,146,146,151,135,92,55,1112,12,5,8,15,30,58,83,113,111,163,256,251,201,1306,31,13,24,43,91,163,233,259,257,314,391,343,256,2418
2015,45,2015.11.02.,2015.11.08.,26,13,21,26,53,113,165,150,156,158,160,120,53,1214,12,1,7,18,25,53,85,95,118,174,235,210,178,1211,38,14,28,44,78,166,250,245,274,332,395,330,231,2425
2015,46,2015.11.09.,2015.11.15.,29,8,24,30,46,103,166,128,144,137,146,110,58,1129,13,8,9,17,19,42,65,90,108,161,252,227,175,1186,42,16,33,47,65,145,231,218,252,298,398,337,233,2315
2015,47,2015.11.16.,2015.11.22.,16,4,11,26,58,98,156,132,145,161,170,126,72,1175,12,7,10,13,26,43,70,118,130,149,231,249,207,1265,28,11,21,39,84,141,226,250,275,310,401,375,279,2440
2015,48,2015.11.23.,2015.11.29.,20,12,12,37,64,98,152,152,150,170,159,111,57,1194,5,4,10,10,28,56,85,82,122,158,245,244,146,1195,25,16,22,47,92,154,237,234,272,328,404,355,203,2389
2015,49,2015.11.30.,2015.12.06.,21,9,26,34,49,97,162,154,138,158,135,104,50,1137,9,6,5,13,28,65,80,98,121,153,230,262,178,1248,30,15,31,47,77,162,242,252,259,311,365,366,228,2385
2015,50,2015.12.07.,2015.12.13.,28,16,13,31,47,94,158,160,163,182,126,111,68,1197,17,11,4,22,29,47,75,94,117,163,234,241,167,1221,45,27,17,53,76,141,233,254,280,345,360,352,235,2418
2015,51,2015.12.14.,2015.12.20.,24,17,21,48,58,118,150,151,143,135,145,119,56,1185,12,6,10,12,24,47,93,93,119,165,223,235,182,1221,36,23,31,60,82,165,243,244,262,300,368,354,238,2406
2015,52,2015.12.21.,2015.12.27.,22,13,15,47,67,105,144,175,160,157,181,96,62,1244,10,8,8,11,27,56,95,94,112,190,227,238,194,1270,32,21,23,58,94,161,239,269,272,347,408,334,256,2514
2015,53,2015.12.28.,2016.01.03.,11,8,22,36,64,116,175,150,163,158,164,107,67,1241,6,5,10,12,16,50,110,102,117,200,231,235,184,1278,17,13,32,48,80,166,285,252,280,358,395,342,251,2519
2016,1,2016.01.04.,2016.01.10.,23,8,23,42,55,110,189,177,186,182,187,142,100,1424,9,7,10,20,33,51,90,111,141,176,258,264,229,1399,32,15,33,62,88,161,279,288,327,358,445,406,329,2823
2016,2,2016.01.11.,2016.01.17.,19,7,22,33,65,107,155,160,186,154,142,129,77,1256,5,6,7,30,20,44,100,117,130,193,260,268,204,1384,24,13,29,63,85,151,255,277,316,347,402,397,281,2640
2016,3,2016.01.18.,2016.01.24.,24,11,14,37,67,99,138,160,172,162,178,133,57,1252,14,8,9,19,29,54,83,99,143,159,240,269,184,1310,38,19,23,56,96,153,221,259,315,321,418,402,241,2562
2016,4,2016.01.25.,2016.01.31.,12,9,28,38,54,102,149,168,152,148,157,155,70,1242,9,3,10,16,21,50,80,103,134,191,271,267,218,1373,21,12,38,54,75,152,229,271,286,339,428,422,288,2615
2016,5,2016.02.01.,2016.02.07.,15,10,14,33,53,106,128,132,155,172,145,113,69,1145,15,10,6,23,21,55,93,111,111,174,271,248,200,1338,30,20,20,56,74,161,221,243,266,346,416,361,269,2483
2016,6,2016.02.08.,2016.02.14.,24,10,21,46,62,93,165,183,170,174,150,123,69,1290,14,4,12,13,26,53,96,114,129,167,258,248,216,1350,38,14,33,59,88,146,261,297,299,341,408,371,285,2640
2016,7,2016.02.15.,2016.02.21.,19,20,16,37,59,101,149,173,192,179,158,115,66,1284,6,8,12,16,21,38,96,104,130,155,231,263,211,1291,25,28,28,53,80,139,245,277,322,334,389,378,277,2575
2016,8,2016.02.22.,2016.02.28.,29,11,13,31,57,106,145,155,164,173,147,120,72,1223,19,5,11,24,25,47,90,94,99,174,224,249,207,1268,48,16,24,55,82,153,235,249,263,347,371,369,279,2491
2016,9,2016.02.29.,2016.03.06.,19,10,12,27,46,113,182,174,176,171,152,112,68,1262,13,2,7,17,19,51,80,111,125,179,236,235,198,1273,32,12,19,44,65,164,262,285,301,350,388,347,266,2535
2016,10,2016.03.07.,2016.03.13.,15,12,27,35,51,110,155,175,136,163,165,102,50,1196,11,7,14,13,27,35,83,112,127,190,219,261,201,1300,26,19,41,48,78,145,238,287,263,353,384,363,251,2496
2016,11,2016.03.14.,2016.03.20.,19,12,15,28,62,91,160,155,185,149,151,116,72,1215,15,5,6,16,25,47,78,97,129,184,237,202,182,1223,34,17,21,44,87,138,238,252,314,333,388,318,254,2438
2016,12,2016.03.21.,2016.03.27.,25,9,12,38,53,106,157,154,151,175,182,116,65,1243,8,4,7,15,29,45,83,91,112,171,238,255,180,1238,33,13,19,53,82,151,240,245,263,346,420,371,245,2481
2016,13,2016.03.28.,2016.04.03.,16,9,16,31,56,114,157,180,155,168,160,116,69,1247,6,5,16,13,29,51,87,100,117,176,224,260,206,1290,22,14,32,44,85,165,244,280,272,344,384,376,275,2537
2016,14,2016.04.04.,2016.04.10.,21,10,16,34,64,92,155,148,160,165,144,106,69,1184,11,7,8,8,25,57,80,97,145,168,220,259,187,1272,32,17,24,42,89,149,235,245,305,333,364,365,256,2456
2016,15,2016.04.11.,2016.04.17.,27,12,15,46,50,90,146,155,128,151,139,106,57,1122,15,6,9,20,26,43,74,107,95,184,213,219,185,1196,42,18,24,66,76,133,220,262,223,335,352,325,242,2318
2016,16,2016.04.18.,2016.04.24.,16,7,23,32,43,93,139,156,134,147,135,117,66,1108,11,4,8,17,20,49,77,91,125,190,224,231,194,1241,27,11,31,49,63,142,216,247,259,337,359,348,260,2349
2016,17,2016.04.25.,2016.05.01.,19,10,13,34,38,104,165,190,156,153,159,100,76,1217,22,11,15,20,26,36,75,86,84,152,237,214,169,1147,41,21,28,54,64,140,240,276,240,305,396,314,245,2364
2016,18,2016.05.02.,2016.05.08.,16,15,20,25,51,85,145,181,157,126,135,98,70,1124,10,1,9,19,20,39,72,86,111,165,209,224,190,1155,26,16,29,44,71,124,217,267,268,291,344,322,260,2279
2016,19,2016.05.09.,2016.05.15.,20,10,18,27,59,97,151,154,155,148,161,130,71,1201,12,11,10,11,18,51,89,101,122,152,191,212,189,1169,32,21,28,38,77,148,240,255,277,300,352,342,260,2370
2016,20,2016.05.16.,2016.05.22.,17,7,24,33,65,113,144,157,158,168,128,99,81,1194,17,5,11,12,17,46,85,96,123,162,224,225,164,1187,34,12,35,45,82,159,229,253,281,330,352,324,245,2381
2016,21,2016.05.23.,2016.05.29.,19,6,19,23,64,88,149,157,148,139,159,112,58,1141,6,9,3,14,22,43,80,93,100,166,216,202,166,1120,25,15,22,37,86,131,229,250,248,305,375,314,224,2261
2016,22,2016.05.30.,2016.06.05.,26,10,18,26,41,95,147,174,150,147,132,94,58,1118,12,5,5,12,27,44,83,94,125,146,214,231,169,1167,38,15,23,38,68,139,230,268,275,293,346,325,227,2285
2016,23,2016.06.06.,2016.06.12.,23,8,24,33,53,90,135,163,181,129,139,116,57,1151,8,5,3,19,29,49,69,102,101,146,196,182,175,1084,31,13,27,52,82,139,204,265,282,275,335,298,232,2235
2016,24,2016.06.13.,2016.06.19.,23,16,18,24,54,91,130,134,144,145,138,106,64,1087,12,3,6,12,26,34,84,87,82,141,202,203,172,1064,35,19,24,36,80,125,214,221,226,286,340,309,236,2151
2016,25,2016.06.20.,2016.06.26.,21,13,10,39,45,74,150,173,185,172,163,113,59,1217,10,10,14,11,26,43,83,101,110,188,240,225,203,1264,31,23,24,50,71,117,233,274,295,360,403,338,262,2481
2016,26,2016.06.27.,2016.07.03.,26,13,16,38,48,92,137,174,134,154,132,96,65,1125,9,4,11,18,26,51,92,111,88,158,207,230,173,1178,35,17,27,56,74,143,229,285,222,312,339,326,238,2303
2016,27,2016.07.04.,2016.07.10.,34,11,14,28,50,91,127,153,139,153,154,104,57,1115,6,1,7,8,19,40,44,83,107,135,219,162,156,987,40,12,21,36,69,131,171,236,246,288,373,266,213,2102
2016,28,2016.07.11.,2016.07.17.,26,13,15,34,58,100,148,156,150,155,146,104,60,1165,11,3,13,15,15,44,81,89,116,159,202,194,169,1111,37,16,28,49,73,144,229,245,266,314,348,298,229,2276
2016,29,2016.07.18.,2016.07.24.,22,11,17,37,61,83,138,159,127,152,128,81,63,1079,18,0,7,9,16,43,67,95,113,167,216,199,181,1131,40,11,24,46,77,126,205,254,240,319,344,280,244,2210
2016,30,2016.07.25.,2016.07.31.,24,10,14,36,54,83,158,145,149,143,134,106,55,1111,6,4,8,11,24,53,85,94,127,154,207,223,170,1166,30,14,22,47,78,136,243,239,276,297,341,329,225,2277
2016,31,2016.08.01.,2016.08.07.,17,11,15,34,35,79,153,146,141,168,152,102,55,1108,10,5,13,12,25,51,60,75,128,157,201,219,157,1113,27,16,28,46,60,130,213,221,269,325,353,321,212,2221
2016,32,2016.08.08.,2016.08.14.,26,8,15,30,46,78,157,127,158,106,131,106,67,1055,11,4,10,16,24,49,69,82,112,157,202,197,132,1065,37,12,25,46,70,127,226,209,270,263,333,303,199,2120
2016,33,2016.08.15.,2016.08.21.,17,6,16,23,49,88,142,140,141,129,127,114,61,1053,12,7,10,11,23,43,81,68,120,164,248,216,166,1169,29,13,26,34,72,131,223,208,261,293,375,330,227,2222
2016,34,2016.08.22.,2016.08.28.,12,11,13,36,43,102,151,144,144,158,137,110,62,1123,5,8,4,14,21,39,79,77,129,158,225,207,152,1118,17,19,17,50,64,141,230,221,273,316,362,317,214,2241
2016,35,2016.08.29.,2016.09.04.,19,10,17,39,59,96,170,130,172,161,151,104,56,1184,12,7,9,8,23,41,80,85,106,184,210,201,170,1136,31,17,26,47,82,137,250,215,278,345,361,305,226,2320
2016,36,2016.09.05.,2016.09.11.,21,8,19,31,59,79,160,151,144,147,116,110,55,1100,9,7,6,12,21,34,86,72,116,174,188,228,193,1146,30,15,25,43,80,113,246,223,260,321,304,338,248,2246
2016,37,2016.09.12.,2016.09.18.,27,8,22,31,62,95,148,159,171,136,143,120,56,1178,10,2,11,16,19,66,79,84,119,171,228,207,175,1187,37,10,33,47,81,161,227,243,290,307,371,327,231,2365
2016,38,2016.09.19.,2016.09.25.,29,8,20,34,58,91,148,148,138,136,140,108,54,1112,8,8,9,7,13,47,67,87,108,153,233,217,194,1151,37,16,29,41,71,138,215,235,246,289,373,325,248,2263
2016,39,2016.09.26.,2016.10.02.,24,8,24,32,57,108,145,150,171,155,138,139,61,1212,9,3,11,13,25,58,83,84,114,181,217,228,185,1211,33,11,35,45,82,166,228,234,285,336,355,367,246,2423
2016,40,2016.10.03.,2016.10.09.,23,12,27,34,48,91,172,179,144,166,140,115,73,1224,12,11,4,15,27,31,73,111,118,181,218,237,185,1223,35,23,31,49,75,122,245,290,262,347,358,352,258,2447
2016,41,2016.10.10.,2016.10.16.,17,11,12,33,54,104,144,186,155,172,171,125,77,1261,9,3,8,18,35,40,91,99,117,172,227,242,216,1277,26,14,20,51,89,144,235,285,272,344,398,367,293,2538
2016,42,2016.10.17.,2016.10.23.,21,12,12,31,46,87,155,162,164,159,147,127,79,1202,7,8,8,14,22,52,96,98,123,181,245,246,191,1291,28,20,20,45,68,139,251,260,287,340,392,373,270,2493
2016,43,2016.10.24.,2016.10.30.,17,5,17,30,52,81,136,165,168,158,167,118,79,1193,9,4,7,12,41,58,69,93,140,155,260,270,216,1334,26,9,24,42,93,139,205,258,308,313,427,388,295,2527
2016,44,2016.10.31.,2016.11.06.,12,11,17,30,52,105,159,174,158,164,153,119,85,1239,4,7,8,16,29,50,78,97,107,164,237,234,188,1219,16,18,25,46,81,155,237,271,265,328,390,353,273,2458
2016,45,2016.11.07.,2016.11.13.,13,14,19,32,52,89,150,174,143,142,175,119,70,1192,13,5,8,17,25,42,88,115,122,179,241,246,178,1279,26,19,27,49,77,131,238,289,265,321,416,365,248,2471
2016,46,2016.11.14.,2016.11.20.,20,7,16,43,37,104,171,159,178,161,147,110,53,1206,13,4,12,15,22,48,80,93,128,173,209,266,214,1277,33,11,28,58,59,152,251,252,306,334,356,376,267,2483
2016,47,2016.11.21.,2016.11.27.,22,12,21,28,65,85,147,188,159,150,159,119,70,1225,9,3,11,19,16,45,96,96,144,180,227,244,224,1314,31,15,32,47,81,130,243,284,303,330,386,363,294,2539
2016,48,2016.11.28.,2016.12.04.,14,7,21,31,56,112,174,184,176,155,183,115,58,1286,8,6,11,15,21,39,72,98,137,178,239,251,179,1254,22,13,32,46,77,151,246,282,313,333,422,366,237,2540
2016,49,2016.12.05.,2016.12.11.,23,14,19,34,49,121,193,201,165,152,164,121,57,1313,11,4,9,15,27,44,87,92,142,177,233,275,206,1322,34,18,28,49,76,165,280,293,307,329,397,396,263,2635
2016,50,2016.12.12.,2016.12.18.,19,5,17,36,50,105,174,163,179,151,169,120,70,1258,14,3,5,8,38,41,86,103,129,173,254,248,225,1327,33,8,22,44,88,146,260,266,308,324,423,368,295,2585
2016,51,2016.12.19.,2016.12.25.,21,12,17,42,62,102,183,204,193,163,205,135,86,1425,10,4,12,12,29,61,86,112,124,185,241,295,249,1420,31,16,29,54,91,163,269,316,317,348,446,430,335,2845
2016,52,2016.12.26.,2017.01.01.,17,12,21,38,62,79,169,192,196,169,174,156,92,1377,6,6,14,13,21,54,80,128,151,209,259,311,268,1520,23,18,35,51,83,133,249,320,347,378,433,467,360,2897
2017,1,2017.01.02.,2017.01.08.,26,5,28,39,56,109,179,238,193,203,181,164,95,1516,17,9,12,17,27,50,103,131,133,240,306,312,282,1639,43,14,40,56,83,159,282,369,326,443,487,476,377,3155
2017,2,2017.01.09.,2017.01.15.,11,13,30,32,71,99,218,222,201,220,201,157,90,1565,6,8,10,26,44,59,102,122,168,222,341,362,276,1746,17,21,40,58,115,158,320,344,369,442,542,519,366,3311
2017,3,2017.01.16.,2017.01.22.,26,8,26,39,61,121,224,206,219,209,224,163,98,1624,7,3,7,18,35,36,117,138,162,246,377,366,313,1825,33,11,33,57,96,157,341,344,381,455,601,529,411,3449
2017,4,2017.01.23.,2017.01.29.,26,12,26,43,67,124,221,229,249,205,220,169,92,1683,18,8,13,23,26,65,134,115,155,277,343,377,337,1891,44,20,39,66,93,189,355,344,404,482,563,546,429,3574
2017,5,2017.01.30.,2017.02.05.,24,12,25,32,59,114,229,246,220,227,238,190,121,1737,14,5,13,24,32,66,107,150,149,253,339,396,331,1879,38,17,38,56,91,180,336,396,369,480,577,586,452,3616
2017,6,2017.02.06.,2017.02.12.,21,9,19,46,69,115,180,207,188,200,203,160,112,1529,9,4,12,23,19,50,106,137,150,251,333,335,298,1727,30,13,31,69,88,165,286,344,338,451,536,495,410,3256
2017,7,2017.02.13.,2017.02.19.,20,8,21,34,56,97,181,166,190,169,194,164,82,1382,12,5,5,10,26,39,106,134,140,219,292,329,292,1609,32,13,26,44,82,136,287,300,330,388,486,493,374,2991
2017,8,2017.02.20.,2017.02.26.,24,8,13,33,56,100,174,196,170,204,156,129,98,1361,16,2,9,18,27,71,108,121,145,205,276,287,244,1529,40,10,22,51,83,171,282,317,315,409,432,416,342,2890
2017,9,2017.02.27.,2017.03.05.,9,8,17,45,62,102,144,158,163,167,164,121,82,1242,9,6,13,15,32,51,95,123,145,202,220,281,234,1426,18,14,30,60,94,153,239,281,308,369,384,402,316,2668
2017,10,2017.03.06.,2017.03.12.,16,8,14,34,61,91,159,183,149,218,165,130,92,1320,16,7,8,13,25,40,76,110,136,164,273,249,234,1351,32,15,22,47,86,131,235,293,285,382,438,379,326,2671
2017,11,2017.03.13.,2017.03.19.,23,7,18,41,57,80,154,168,162,174,160,140,59,1243,9,5,6,10,24,44,91,99,143,176,266,272,194,1339,32,12,24,51,81,124,245,267,305,350,426,412,253,2582
2017,12,2017.03.20.,2017.03.26.,19,13,17,29,57,71,140,172,183,170,165,134,53,1223,15,6,10,21,35,50,83,105,122,195,247,252,220,1361,34,19,27,50,92,121,223,277,305,365,412,386,273,2584
2017,13,2017.03.27.,2017.04.02.,21,11,19,19,53,78,167,170,168,165,151,106,75,1203,11,4,6,21,27,54,84,105,116,198,223,248,246,1343,32,15,25,40,80,132,251,275,284,363,374,354,321,2546
2017,14,2017.04.03.,2017.04.09.,20,14,20,24,41,86,150,161,164,165,138,133,61,1177,18,3,9,18,18,37,91,117,136,154,216,247,181,1245,38,17,29,42,59,123,241,278,300,319,354,380,242,2422
2017,15,2017.04.10.,2017.04.16.,24,10,10,25,48,93,156,185,168,170,156,97,67,1209,13,3,7,10,27,52,90,92,135,173,248,226,207,1283,37,13,17,35,75,145,246,277,303,343,404,323,274,2492
2017,16,2017.04.17.,2017.04.23.,20,10,8,27,59,98,177,154,157,168,161,125,69,1233,8,3,3,24,28,47,77,106,107,171,250,269,201,1294,28,13,11,51,87,145,254,260,264,339,411,394,270,2527
2017,17,2017.04.24.,2017.04.30.,25,10,14,24,49,89,148,157,170,185,149,123,83,1226,7,6,10,15,28,41,72,97,122,191,226,237,202,1254,32,16,24,39,77,130,220,254,292,376,375,360,285,2480
2017,18,2017.05.01.,2017.05.07.,25,12,21,34,47,79,141,167,187,162,134,102,73,1184,14,8,10,10,24,45,83,118,117,180,236,243,207,1295,39,20,31,44,71,124,224,285,304,342,370,345,280,2479
2017,19,2017.05.08.,2017.05.14.,25,12,15,26,42,90,163,152,154,152,143,117,54,1145,10,6,9,20,24,51,75,109,99,154,225,242,171,1195,35,18,24,46,66,141,238,261,253,306,368,359,225,2340
2017,20,2017.05.15.,2017.05.21.,22,8,17,33,50,81,133,157,150,153,155,90,63,1112,9,11,7,12,20,40,87,105,118,184,222,224,172,1211,31,19,24,45,70,121,220,262,268,337,377,314,235,2323
2017,21,2017.05.22.,2017.05.28.,17,5,13,33,61,96,150,146,138,174,118,97,54,1102,7,2,8,18,21,41,75,93,108,150,192,214,178,1107,24,7,21,51,82,137,225,239,246,324,310,311,232,2209
2017,22,2017.05.29.,2017.06.04.,25,10,14,37,50,86,168,155,182,168,148,107,62,1212,10,6,8,18,18,32,61,94,131,182,200,234,176,1170,35,16,22,55,68,118,229,249,313,350,348,341,238,2382
2017,23,2017.06.05.,2017.06.11.,22,8,20,17,50,85,163,130,159,139,124,111,53,1081,6,4,7,11,31,34,63,74,115,150,202,193,155,1045,28,12,27,28,81,119,226,204,274,289,326,304,208,2126
2017,24,2017.06.12.,2017.06.18.,20,13,15,43,54,68,146,148,144,154,131,95,58,1089,7,12,7,16,23,34,52,84,103,153,192,217,156,1056,27,25,22,59,77,102,198,232,247,307,323,312,214,2145
2017,25,2017.06.19.,2017.06.25.,14,11,14,38,55,91,175,146,131,173,144,98,64,1154,9,6,4,10,25,39,82,89,105,144,224,229,177,1143,23,17,18,48,80,130,257,235,236,317,368,327,241,2297
2017,26,2017.06.26.,2017.07.02.,27,6,12,29,38,64,132,147,120,148,150,93,54,1020,14,3,8,10,18,33,60,82,113,164,223,235,153,1116,41,9,20,39,56,97,192,229,233,312,373,328,207,2136
2017,27,2017.07.03.,2017.07.09.,18,11,20,30,54,90,133,129,136,149,114,109,58,1051,7,8,6,14,23,34,72,99,99,138,200,230,162,1092,25,19,26,44,77,124,205,228,235,287,314,339,220,2143
2017,28,2017.07.10.,2017.07.16.,19,9,17,31,52,72,153,142,167,139,143,91,44,1079,9,9,10,21,17,40,94,95,115,155,243,245,156,1209,28,18,27,52,69,112,247,237,282,294,386,336,200,2288
2017,29,2017.07.17.,2017.07.23.,19,9,16,31,59,82,142,142,156,140,121,117,63,1097,7,2,7,16,23,48,71,99,112,157,223,243,166,1174,26,11,23,47,82,130,213,241,268,297,344,360,229,2271
2017,30,2017.07.24.,2017.07.30.,20,11,17,34,41,72,140,158,169,137,128,86,62,1075,8,13,8,19,17,53,70,101,104,162,195,189,126,1065,28,24,25,53,58,125,210,259,273,299,323,275,188,2140
2017,31,2017.07.31.,2017.08.06.,33,9,18,43,64,104,142,192,174,149,182,111,59,1280,10,6,11,13,28,36,95,122,127,174,241,289,225,1377,43,15,29,56,92,140,237,314,301,323,423,400,284,2657
2017,32,2017.08.07.,2017.08.13.,26,7,12,38,44,72,158,155,150,154,130,106,77,1129,7,7,10,9,22,30,67,96,113,166,201,261,174,1163,33,14,22,47,66,102,225,251,263,320,331,367,251,2292
2017,33,2017.08.14.,2017.08.20.,15,7,18,32,41,91,113,148,151,138,123,108,53,1038,14,4,6,11,19,45,68,95,121,143,210,209,164,1109,29,11,24,43,60,136,181,243,272,281,333,317,217,2147
2017,34,2017.08.21.,2017.08.27.,22,8,17,22,56,76,145,145,149,141,124,91,73,1069,8,5,10,6,24,43,76,93,100,135,200,229,157,1086,30,13,27,28,80,119,221,238,249,276,324,320,230,2155
2017,35,2017.08.28.,2017.09.03.,18,7,13,35,71,85,113,165,168,143,124,102,52,1096,10,3,8,12,23,37,81,75,101,177,220,234,162,1143,28,10,21,47,94,122,194,240,269,320,344,336,214,2239
2017,36,2017.09.04.,2017.09.10.,17,14,17,37,45,74,135,153,133,141,128,122,55,1071,6,4,12,22,32,41,68,97,129,150,190,189,175,1115,23,18,29,59,77,115,203,250,262,291,318,311,230,2186
2017,37,2017.09.11.,2017.09.17.,23,9,16,32,45,96,143,134,144,163,144,110,71,1130,7,8,6,21,23,45,80,97,114,132,220,234,173,1160,30,17,22,53,68,141,223,231,258,295,364,344,244,2290
2017,38,2017.09.18.,2017.09.24.,21,10,18,30,60,97,139,157,157,148,131,114,56,1138,6,7,7,21,19,54,86,88,120,177,197,212,180,1174,27,17,25,51,79,151,225,245,277,325,328,326,236,2312
2017,39,2017.09.25.,2017.10.01.,20,9,13,37,51,88,147,160,157,154,147,122,80,1185,10,5,7,21,27,36,80,91,114,157,217,229,172,1166,30,14,20,58,78,124,227,251,271,311,364,351,252,2351
2017,40,2017.10.02.,2017.10.08.,20,5,13,34,40,70,156,174,153,155,161,141,86,1208,12,6,12,16,22,40,70,84,117,164,224,255,198,1220,32,11,25,50,62,110,226,258,270,319,385,396,284,2428
2017,41,2017.10.09.,2017.10.15.,26,15,21,35,47,102,143,185,164,167,150,103,52,1210,8,8,7,12,22,43,89,114,116,195,205,255,212,1286,34,23,28,47,69,145,232,299,280,362,355,358,264,2496
2017,42,2017.10.16.,2017.10.22.,14,17,10,25,58,79,151,169,160,153,139,102,56,1133,8,4,5,23,32,29,99,98,116,166,197,268,179,1224,22,21,15,48,90,108,250,267,276,319,336,370,235,2357
2017,43,2017.10.23.,2017.10.29.,24,5,13,39,44,91,160,153,152,134,154,101,66,1136,11,9,9,10,28,53,80,100,113,159,220,223,187,1202,35,14,22,49,72,144,240,253,265,293,374,324,253,2338
2017,44,2017.10.30.,2017.11.05.,22,9,18,40,39,92,158,161,147,162,139,112,59,1158,16,7,12,15,20,41,93,99,131,149,210,244,202,1239,38,16,30,55,59,133,251,260,278,311,349,356,261,2397
2017,45,2017.11.06.,2017.11.12.,20,15,15,34,47,87,157,166,144,148,138,123,66,1160,14,5,7,15,19,36,83,104,131,154,205,210,181,1164,34,20,22,49,66,123,240,270,275,302,343,333,247,2324
2017,46,2017.11.13.,2017.11.19.,18,4,17,35,57,94,164,168,167,148,154,120,70,1216,12,2,9,17,30,32,82,105,102,181,212,229,194,1207,30,6,26,52,87,126,246,273,269,329,366,349,264,2423
2017,47,2017.11.20.,2017.11.26.,29,10,26,36,47,96,155,176,162,168,136,134,64,1239,13,6,9,17,26,39,69,111,147,166,240,230,191,1264,42,16,35,53,73,135,224,287,309,334,376,364,255,2503
2017,48,2017.11.27.,2017.12.03.,19,11,19,33,42,94,146,166,175,157,151,122,62,1197,7,2,5,12,26,45,76,106,138,147,258,219,199,1240,26,13,24,45,68,139,222,272,313,304,409,341,261,2437
2017,49,2017.12.04.,2017.12.10.,16,23,14,43,53,89,171,185,179,181,174,143,71,1342,8,3,5,13,29,54,81,108,138,173,229,256,216,1313,24,26,19,56,82,143,252,293,317,354,403,399,287,2655
2017,50,2017.12.11.,2017.12.17.,25,9,21,25,54,87,159,184,149,195,153,123,82,1266,10,2,21,15,24,46,76,103,118,174,226,249,250,1314,35,11,42,40,78,133,235,287,267,369,379,372,332,2580
2017,51,2017.12.18.,2017.12.24.,24,8,17,39,54,115,155,200,162,163,166,128,54,1285,10,4,10,17,24,43,90,118,107,180,233,259,225,1320,34,12,27,56,78,158,245,318,269,343,399,387,279,2605
2017,52,2017.12.25.,2017.12.31.,28,9,14,37,57,81,192,177,157,178,146,126,83,1285,12,6,7,16,29,57,70,109,129,191,261,250,206,1343,40,15,21,53,86,138,262,286,286,369,407,376,289,2628
2018,1,2018.01.01.,2018.01.07.,22,14,14,33,57,101,171,168,155,181,150,126,80,1272,6,4,6,16,29,39,76,111,132,170,247,260,227,1323,28,18,20,49,86,140,247,279,287,351,397,386,307,2595
2018,2,2018.01.08.,2018.01.14.,21,6,20,32,41,82,164,171,170,164,173,114,60,1218,11,9,7,16,21,43,83,98,102,173,252,300,213,1328,32,15,27,48,62,125,247,269,272,337,425,414,273,2546
2018,3,2018.01.15.,2018.01.21.,16,9,31,31,57,104,164,167,199,190,159,125,75,1327,7,8,6,14,18,44,89,98,121,214,255,274,200,1348,23,17,37,45,75,148,253,265,320,404,414,399,275,2675
2018,4,2018.01.22.,2018.01.28.,25,14,25,29,56,82,167,192,156,167,143,133,67,1256,5,6,5,20,22,50,95,102,115,194,269,275,241,1399,30,20,30,49,78,132,262,294,271,361,412,408,308,2655
2018,5,2018.01.29.,2018.02.04.,22,10,18,32,49,91,179,173,190,169,157,127,66,1283,12,7,9,15,18,40,86,122,139,185,279,293,243,1448,34,17,27,47,67,131,265,295,329,354,436,420,309,2731
2018,6,2018.02.05.,2018.02.11.,27,10,24,21,63,99,173,172,172,189,182,157,81,1370,10,3,10,15,22,51,92,111,142,181,253,319,254,1463,37,13,34,36,85,150,265,283,314,370,435,476,335,2833
2018,7,2018.02.12.,2018.02.18.,24,8,17,32,63,81,189,202,198,209,170,168,84,1445,10,9,12,17,23,49,96,118,155,217,294,324,268,1592,34,17,29,49,86,130,285,320,353,426,464,492,352,3037
2018,8,2018.02.19.,2018.02.25.,14,11,26,32,62,102,206,204,192,206,176,160,103,1494,15,7,8,15,22,47,123,133,166,207,311,331,282,1667,29,18,34,47,84,149,329,337,358,413,487,491,385,3161
2018,9,2018.02.26.,2018.03.04.,21,11,22,39,67,86,209,201,202,244,196,164,92,1554,13,7,10,27,20,42,97,134,156,231,328,327,291,1683,34,18,32,66,87,128,306,335,358,475,524,491,383,3237
2018,10,2018.03.05.,2018.03.11.,18,12,28,45,63,94,199,208,229,219,184,145,109,1553,9,5,11,27,28,52,88,138,148,225,325,341,268,1665,27,17,39,72,91,146,287,346,377,444,509,486,377,3218
2018,11,2018.03.12.,2018.03.18.,18,11,24,40,52,100,187,207,178,186,176,139,99,1417,13,3,14,21,22,43,96,119,156,217,318,306,271,1599,31,14,38,61,74,143,283,326,334,403,494,445,370,3016
2018,12,2018.03.19.,2018.03.25.,17,14,21,35,63,91,178,188,192,183,169,149,84,1384,11,4,8,16,34,52,100,120,119,204,256,300,270,1494,28,18,29,51,97,143,278,308,311,387,425,449,354,2878
2018,13,2018.03.26.,2018.04.01.,28,9,14,32,57,91,158,193,178,166,181,128,69,1304,13,3,12,15,25,40,85,100,136,209,280,295,257,1470,41,12,26,47,82,131,243,293,314,375,461,423,326,2774
2018,14,2018.04.02.,2018.04.08.,25,12,20,32,66,98,156,185,178,169,152,112,70,1275,11,2,20,7,27,52,89,105,133,192,224,257,228,1347,36,14,40,39,93,150,245,290,311,361,376,369,298,2622
2018,15,2018.04.09.,2018.04.15.,25,11,17,35,58,81,168,205,163,158,167,133,70,1291,12,6,18,9,31,29,72,112,147,146,242,256,205,1285,37,17,35,44,89,110,240,317,310,304,409,389,275,2576
2018,16,2018.04.16.,2018.04.22.,18,17,23,31,45,79,151,143,155,159,137,105,60,1123,11,2,10,14,23,46,92,92,113,176,219,219,196,1213,29,19,33,45,68,125,243,235,268,335,356,324,256,2336
2018,17,2018.04.23.,2018.04.29.,19,8,7,32,50,90,143,160,152,159,149,98,57,1124,11,4,11,13,19,32,74,87,124,184,206,219,192,1176,30,12,18,45,69,122,217,247,276,343,355,317,249,2300
2018,18,2018.04.30.,2018.05.06.,13,10,24,30,46,98,155,152,156,131,134,95,68,1112,10,5,10,14,21,37,72,87,113,172,196,267,178,1182,23,15,34,44,67,135,227,239,269,303,330,362,246,2294
2018,19,2018.05.07.,2018.05.13.,23,8,18,36,49,80,132,153,142,147,135,98,55,1076,9,7,3,14,18,51,66,100,102,139,197,211,167,1084,32,15,21,50,67,131,198,253,244,286,332,309,222,2160
2018,20,2018.05.14.,2018.05.20.,17,9,25,32,54,90,144,152,140,117,147,116,60,1103,13,2,7,10,23,46,55,83,103,144,197,208,160,1051,30,11,32,42,77,136,199,235,243,261,344,324,220,2154
2018,21,2018.05.21.,2018.05.27.,19,9,23,22,51,82,158,161,152,122,149,107,75,1130,14,6,7,15,26,40,77,95,111,167,255,229,180,1222,33,15,30,37,77,122,235,256,263,289,404,336,255,2352
2018,22,2018.05.28.,2018.06.03.,20,11,13,31,39,80,157,151,184,135,168,112,65,1166,8,7,14,12,18,41,84,132,111,162,209,235,194,1227,28,18,27,43,57,121,241,283,295,297,377,347,259,2393
2018,23,2018.06.04.,2018.06.10.,18,6,19,30,63,68,162,156,151,145,126,110,58,1112,11,5,13,19,24,43,78,92,94,159,195,224,159,1116,29,11,32,49,87,111,240,248,245,304,321,334,217,2228
2018,24,2018.06.11.,2018.06.17.,22,10,22,29,58,68,166,154,158,162,137,89,74,1149,8,8,8,13,31,49,78,99,109,139,171,213,168,1094,30,18,30,42,89,117,244,253,267,301,308,302,242,2243
2018,25,2018.06.18.,2018.06.24.,19,8,19,23,38,83,119,162,153,147,127,95,61,1054,6,3,9,15,21,34,80,100,100,145,213,213,195,1134,25,11,28,38,59,117,199,262,253,292,340,308,256,2188
2018,26,2018.06.25.,2018.07.01.,18,8,16,22,43,73,134,146,132,154,116,101,69,1032,12,4,10,16,28,39,76,84,114,144,199,207,175,1108,30,12,26,38,71,112,210,230,246,298,315,308,244,2140
2018,27,2018.07.02.,2018.07.08.,25,3,17,34,44,76,127,143,153,150,134,114,58,1078,9,6,10,13,27,29,70,98,123,158,197,228,179,1147,34,9,27,47,71,105,197,241,276,308,331,342,237,2225
2018,28,2018.07.09.,2018.07.15.,26,6,14,28,47,76,139,170,149,169,145,123,71,1163,12,6,12,16,21,48,60,94,129,165,190,216,153,1122,38,12,26,44,68,124,199,264,278,334,335,339,224,2285
2018,29,2018.07.16.,2018.07.22.,25,8,22,26,35,74,165,179,160,143,156,119,51,1163,9,4,3,13,30,48,71,98,113,143,191,205,174,1102,34,12,25,39,65,122,236,277,273,286,347,324,225,2265
2018,30,2018.07.23.,2018.07.29.,17,5,25,34,71,99,158,165,166,157,162,110,54,1223,12,1,11,12,23,40,77,98,124,172,209,222,165,1166,29,6,36,46,94,139,235,263,290,329,371,332,219,2389
2018,31,2018.07.30.,2018.08.05.,30,12,13,35,44,84,150,199,174,162,136,122,69,1230,8,2,10,15,17,40,81,103,111,171,245,235,211,1249,38,14,23,50,61,124,231,302,285,333,381,357,280,2479
2018,32,2018.08.06.,2018.08.12.,19,16,18,37,55,96,140,165,158,169,139,109,68,1189,13,7,8,15,26,28,74,95,116,173,237,226,212,1230,32,23,26,52,81,124,214,260,274,342,376,335,280,2419
2018,33,2018.08.13.,2018.08.19.,20,6,18,27,63,80,141,154,174,139,143,94,57,1116,8,1,10,12,11,34,68,91,105,165,197,217,164,1083,28,7,28,39,74,114,209,245,279,304,340,311,221,2199
2018,34,2018.08.20.,2018.08.26.,16,7,18,23,53,79,127,148,170,146,140,121,63,1111,19,5,9,16,36,29,60,93,131,198,206,233,177,1212,35,12,27,39,89,108,187,241,301,344,346,354,240,2323
2018,35,2018.08.27.,2018.09.02.,19,9,12,32,48,80,126,162,153,172,109,100,54,1076,8,2,9,16,22,33,82,105,101,160,214,210,216,1178,27,11,21,48,70,113,208,267,254,332,323,310,270,2254
2018,36,2018.09.03.,2018.09.09.,18,14,28,36,50,90,152,166,151,170,131,96,55,1157,16,2,9,9,32,38,68,92,106,138,213,220,167,1110,34,16,37,45,82,128,220,258,257,308,344,316,222,2267
2018,37,2018.09.10.,2018.09.16.,15,8,19,27,54,81,168,171,142,158,140,98,81,1162,17,7,5,13,25,35,91,94,109,172,233,223,170,1194,32,15,24,40,79,116,259,265,251,330,373,321,251,2356
2018,38,2018.09.17.,2018.09.23.,24,6,20,31,56,85,147,170,167,160,136,113,75,1190,9,7,4,12,29,18,90,107,112,158,215,237,197,1195,33,13,24,43,85,103,237,277,279,318,351,350,272,2385
2018,39,2018.09.24.,2018.09.30.,17,4,19,25,63,103,139,187,165,144,125,127,65,1183,13,6,7,22,24,37,82,99,110,158,221,213,187,1179,30,10,26,47,87,140,221,286,275,302,346,340,252,2362
2018,40,2018.10.01.,2018.10.07.,16,11,24,29,58,77,140,182,168,161,149,138,67,1220,8,3,7,8,32,40,84,104,136,175,224,247,210,1278,24,14,31,37,90,117,224,286,304,336,373,385,277,2498
2018,41,2018.10.08.,2018.10.14.,16,11,18,19,59,91,148,166,147,174,150,117,83,1199,13,4,9,12,21,43,88,100,127,183,232,244,237,1313,29,15,27,31,80,134,236,266,274,357,382,361,320,2512
2018,42,2018.10.15.,2018.10.21.,19,10,25,36,42,89,154,159,144,148,149,131,71,1177,12,5,9,19,21,55,78,103,108,167,245,234,199,1255,31,15,34,55,63,144,232,262,252,315,394,365,270,2432
2018,43,2018.10.22.,2018.10.28.,20,10,20,32,45,76,168,183,166,159,133,118,56,1186,7,7,7,16,19,45,72,108,121,158,218,243,202,1223,27,17,27,48,64,121,240,291,287,317,351,361,258,2409
2018,44,2018.10.29.,2018.11.04.,11,13,11,30,52,83,155,163,152,158,127,118,63,1136,6,6,6,15,20,45,69,109,128,162,237,223,199,1225,17,19,17,45,72,128,224,272,280,320,364,341,262,2361
2018,45,2018.11.05.,2018.11.11.,18,5,18,23,55,82,156,158,155,159,139,120,72,1160,7,4,8,23,20,41,65,100,110,159,225,224,216,1202,25,9,26,46,75,123,221,258,265,318,364,344,288,2362
2018,46,2018.11.12.,2018.11.18.,18,9,24,40,69,75,139,172,180,155,113,118,71,1183,11,2,11,13,23,48,74,104,111,179,209,256,184,1225,29,11,35,53,92,123,213,276,291,334,322,374,255,2408
2018,47,2018.11.19.,2018.11.25.,17,10,16,44,52,109,139,161,197,198,158,120,47,1268,11,4,5,18,22,44,80,105,130,175,233,245,215,1287,28,14,21,62,74,153,219,266,327,373,391,365,262,2555
2018,48,2018.11.26.,2018.12.02.,19,8,23,27,61,81,151,191,168,172,169,129,71,1270,12,4,11,14,29,30,75,120,125,162,245,241,221,1289,31,12,34,41,90,111,226,311,293,334,414,370,292,2559
2018,49,2018.12.03.,2018.12.09.,23,9,18,33,49,86,172,165,193,196,173,133,67,1317,6,7,12,17,21,48,95,95,116,191,229,289,201,1327,29,16,30,50,70,134,267,260,309,387,402,422,268,2644
2018,50,2018.12.10.,2018.12.16.,16,11,24,24,55,95,178,189,187,171,160,113,71,1294,5,3,11,11,24,38,86,110,145,206,240,274,230,1383,21,14,35,35,79,133,264,299,332,377,400,387,301,2677
2018,51,2018.12.17.,2018.12.23.,18,11,24,49,66,100,159,194,201,185,165,137,76,1385,13,1,2,15,28,38,98,115,148,201,268,261,224,1412,31,12,26,64,94,138,257,309,349,386,433,398,300,2797
2018,52,2018.12.24.,2018.12.30.,23,5,21,35,53,106,168,194,193,184,180,131,80,1373,7,2,12,17,22,48,88,129,147,199,263,283,270,1487,30,7,33,52,75,154,256,323,340,383,443,414,350,2860
2019,1,2018.12.31.,2019.01.06.,24,9,17,37,78,110,158,201,194,178,183,140,90,1419,11,5,13,26,24,55,105,129,163,216,286,319,283,1635,35,14,30,63,102,165,263,330,357,394,469,459,373,3054
2019,2,2019.01.07.,2019.01.13.,16,13,22,35,63,93,179,233,230,192,177,150,77,1480,14,2,10,13,31,44,101,127,160,223,305,308,272,1610,30,15,32,48,94,137,280,360,390,415,482,458,349,3090
2019,3,2019.01.14.,2019.01.20.,21,6,22,38,65,82,170,199,186,192,176,157,94,1408,9,4,11,14,26,51,93,121,157,234,315,327,267,1629,30,10,33,52,91,133,263,320,343,426,491,484,361,3037
2019,4,2019.01.21.,2019.01.27.,21,7,26,39,54,92,186,242,204,221,187,173,108,1560,12,5,10,21,30,46,112,107,152,220,336,333,290,1674,33,12,36,60,84,138,298,349,356,441,523,506,398,3234
2019,5,2019.01.28.,2019.02.03.,27,6,11,52,82,100,197,218,211,214,191,161,96,1566,8,7,6,13,27,66,111,139,174,264,352,347,304,1818,35,13,17,65,109,166,308,357,385,478,543,508,400,3384
2019,6,2019.02.04.,2019.02.10.,22,10,22,41,61,102,181,214,225,219,185,173,74,1529,6,4,12,21,19,53,89,146,174,221,316,362,311,1734,28,14,34,62,80,155,270,360,399,440,501,535,385,3263
2019,7,2019.02.11.,2019.02.17.,22,9,21,37,79,91,187,186,180,213,163,137,97,1422,12,3,10,21,42,45,105,113,151,228,303,316,263,1612,34,12,31,58,121,136,292,299,331,441,466,453,360,3034
2019,8,2019.02.18.,2019.02.24.,19,7,26,35,51,77,155,219,206,204,177,149,72,1397,7,9,10,12,25,36,84,135,140,198,288,285,262,1491,26,16,36,47,76,113,239,354,346,402,465,434,334,2888
2019,9,2019.02.25.,2019.03.03.,28,12,22,45,54,104,170,212,185,203,174,142,83,1434,18,3,8,16,28,45,73,107,168,194,281,305,229,1475,46,15,30,61,82,149,243,319,353,397,455,447,312,2909
2019,10,2019.03.04.,2019.03.10.,25,14,19,32,44,71,143,182,180,173,150,142,74,1249,9,8,8,17,19,48,87,125,147,204,273,278,241,1464,34,22,27,49,63,119,230,307,327,377,423,420,315,2713
2019,11,2019.03.11.,2019.03.17.,20,9,15,28,49,109,159,184,192,189,160,123,71,1308,10,5,8,20,21,40,86,102,134,207,286,272,234,1425,30,14,23,48,70,149,245,286,326,396,446,395,305,2733
2019,12,2019.03.18.,2019.03.24.,16,7,20,26,60,91,134,181,179,142,139,134,74,1203,9,2,5,16,18,32,72,92,143,158,253,267,199,1266,25,9,25,42,78,123,206,273,322,300,392,401,273,2469
2019,13,2019.03.25.,2019.03.31.,17,6,16,23,47,82,148,150,163,160,126,124,69,1131,11,6,11,12,25,40,73,108,119,202,229,238,206,1280,28,12,27,35,72,122,221,258,282,362,355,362,275,2411
2019,14,2019.04.01.,2019.04.07.,21,12,21,35,47,74,127,184,147,166,136,118,69,1157,12,3,11,11,25,46,95,109,120,152,221,252,200,1257,33,15,32,46,72,120,222,293,267,318,357,370,269,2414
2019,15,2019.04.08.,2019.04.14.,21,4,18,26,54,78,149,191,150,177,134,116,66,1184,14,2,7,9,28,29,77,97,114,169,204,244,215,1209,35,6,25,35,82,107,226,288,264,346,338,360,281,2393
2019,16,2019.04.15.,2019.04.21.,20,11,19,30,55,80,142,168,158,169,109,115,66,1142,10,3,8,16,21,24,70,95,124,183,200,216,215,1185,30,14,27,46,76,104,212,263,282,352,309,331,281,2327
2019,17,2019.04.22.,2019.04.28.,15,6,19,24,50,91,148,186,147,153,142,129,57,1167,4,6,6,7,27,39,86,105,132,168,235,273,187,1275,19,12,25,31,77,130,234,291,279,321,377,402,244,2442
2019,18,2019.04.29.,2019.05.05.,17,11,21,34,45,69,145,159,142,168,134,101,70,1116,5,8,7,17,16,43,76,128,88,173,201,219,219,1200,22,19,28,51,61,112,221,287,230,341,335,320,289,2316
2019,19,2019.05.06.,2019.05.12.,17,8,22,30,53,61,115,154,130,179,126,126,77,1098,6,6,6,12,24,40,69,113,100,188,212,244,165,1185,23,14,28,42,77,101,184,267,230,367,338,370,242,2283
2019,20,2019.05.13.,2019.05.19.,16,7,20,20,49,84,134,160,142,161,145,107,53,1098,7,4,13,16,22,32,81,91,118,173,189,193,171,1110,23,11,33,36,71,116,215,251,260,334,334,300,224,2208
2019,21,2019.05.20.,2019.05.26.,16,5,19,27,42,61,130,172,157,155,126,104,67,1081,5,2,14,13,21,42,65,100,122,166,219,244,189,1202,21,7,33,40,63,103,195,272,279,321,345,348,256,2283
2019,22,2019.05.27.,2019.06.02.,15,14,12,32,46,76,153,145,146,156,122,103,73,1093,13,8,6,11,24,36,70,93,111,146,205,207,173,1103,28,22,18,43,70,112,223,238,257,302,327,310,246,2196
2019,23,2019.06.03.,2019.06.09.,23,9,16,24,49,66,155,160,156,169,130,108,65,1130,7,4,8,20,17,47,82,116,113,154,197,219,174,1158,30,13,24,44,66,113,237,276,269,323,327,327,239,2288
2019,24,2019.06.10.,2019.06.16.,24,7,28,42,49,79,150,185,173,186,146,129,67,1265,10,5,9,13,22,35,86,111,109,204,256,275,223,1358,34,12,37,55,71,114,236,296,282,390,402,404,290,2623
2019,25,2019.06.17.,2019.06.23.,21,12,19,22,49,74,126,166,173,145,131,128,63,1129,11,4,13,8,20,38,62,95,121,137,208,203,168,1088,32,16,32,30,69,112,188,261,294,282,339,331,231,2217
2019,26,2019.06.24.,2019.06.30.,26,6,26,36,45,90,144,142,155,169,126,97,61,1123,9,4,11,18,23,43,64,95,114,156,233,213,141,1124,35,10,37,54,68,133,208,237,269,325,359,310,202,2247
2019,27,2019.07.01.,2019.07.07.,25,13,17,26,50,83,155,158,127,160,126,105,62,1107,10,5,11,21,19,35,63,86,120,167,194,243,161,1135,35,18,28,47,69,118,218,244,247,327,320,348,223,2242
2019,28,2019.07.08.,2019.07.14.,13,12,11,23,47,71,130,150,142,133,135,82,47,996,12,5,9,10,18,43,51,88,100,152,194,215,172,1069,25,17,20,33,65,114,181,238,242,285,329,297,219,2065
2019,29,2019.07.15.,2019.07.21.,17,11,16,28,36,101,131,148,147,154,131,125,72,1117,8,3,1,21,25,40,62,101,123,154,205,230,202,1175,25,14,17,49,61,141,193,249,270,308,336,355,274,2292
2019,30,2019.07.22.,2019.07.28.,17,5,20,29,53,101,145,164,164,176,129,127,66,1196,11,4,13,14,29,35,88,100,128,173,217,249,214,1275,28,9,33,43,82,136,233,264,292,349,346,376,280,2471
2019,31,2019.07.29.,2019.08.04.,17,10,18,31,52,77,119,186,157,144,118,87,56,1072,8,7,9,10,22,37,53,100,106,154,204,203,185,1098,25,17,27,41,74,114,172,286,263,298,322,290,241,2170
2019,32,2019.08.05.,2019.08.11.,14,6,24,27,51,80,128,138,142,151,130,111,69,1071,9,6,11,10,12,31,60,93,117,147,211,243,194,1144,23,12,35,37,63,111,188,231,259,298,341,354,263,2215
2019,33,2019.08.12.,2019.08.18.,23,14,15,35,44,75,146,162,144,170,111,101,48,1088,12,5,6,10,16,44,67,100,100,182,180,230,178,1130,35,19,21,45,60,119,213,262,244,352,291,331,226,2218
2019,34,2019.08.19.,2019.08.25.,23,5,23,27,52,74,133,150,153,145,119,128,63,1095,10,6,7,9,22,37,61,91,104,167,213,229,184,1140,33,11,30,36,74,111,194,241,257,312,332,357,247,2235
2019,35,2019.08.26.,2019.09.01.,18,12,12,42,48,68,130,171,148,167,153,111,75,1155,7,6,6,13,28,44,69,111,127,146,218,228,215,1218,25,18,18,55,76,112,199,282,275,313,371,339,290,2373
2019,36,2019.09.02.,2019.09.08.,22,8,20,27,50,78,138,164,148,138,126,101,52,1072,8,4,11,18,18,37,66,98,101,165,215,213,173,1127,30,12,31,45,68,115,204,262,249,303,341,314,225,2199
2019,37,2019.09.09.,2019.09.15.,27,12,17,25,49,68,138,152,172,158,125,98,58,1099,12,3,10,11,27,30,72,88,116,137,193,189,167,1055,39,15,27,36,76,98,210,240,288,295,318,287,225,2154
2019,38,2019.09.16.,2019.09.22.,23,9,13,33,52,79,125,150,136,152,132,128,59,1091,14,2,6,14,25,30,77,101,122,157,197,218,187,1150,37,11,19,47,77,109,202,251,258,309,329,346,246,2241
2019,39,2019.09.23.,2019.09.29.,19,6,15,37,58,79,151,184,150,184,151,106,84,1224,11,2,12,14,32,38,75,105,112,168,234,245,222,1270,30,8,27,51,90,117,226,289,262,352,385,351,306,2494
2019,40,2019.09.30.,2019.10.06.,21,5,28,27,51,90,148,162,173,174,142,112,75,1208,14,5,14,21,28,46,73,120,113,168,218,203,211,1234,35,10,42,48,79,136,221,282,286,342,360,315,286,2442
2019,41,2019.10.07.,2019.10.13.,28,9,12,30,39,85,132,186,164,159,149,130,66,1189,11,3,14,9,23,35,65,89,114,155,244,236,195,1193,39,12,26,39,62,120,197,275,278,314,393,366,261,2382
2019,42,2019.10.14.,2019.10.20.,18,10,12,17,62,87,128,161,173,158,141,113,70,1150,7,1,6,13,31,37,55,102,117,195,224,228,228,1244,25,11,18,30,93,124,183,263,290,353,365,341,298,2394
2019,43,2019.10.21.,2019.10.27.,14,14,20,37,49,82,103,166,157,168,150,126,89,1175,12,2,11,7,15,39,64,116,123,171,196,237,187,1180,26,16,31,44,64,121,167,282,280,339,346,363,276,2355
2019,44,2019.10.28.,2019.11.03.,12,12,21,32,55,73,122,183,160,164,148,110,55,1147,13,6,11,14,24,21,66,98,107,167,212,229,182,1150,25,18,32,46,79,94,188,281,267,331,360,339,237,2297
2019,45,2019.11.04.,2019.11.10.,16,4,15,23,57,71,128,189,148,165,138,129,66,1149,7,5,8,13,20,36,86,104,132,189,225,271,198,1294,23,9,23,36,77,107,214,293,280,354,363,400,264,2443
2019,46,2019.11.11.,2019.11.17.,21,6,16,19,45,76,133,170,166,177,124,115,82,1150,8,4,11,11,30,44,61,109,122,145,221,227,216,1209,29,10,27,30,75,120,194,279,288,322,345,342,298,2359
2019,47,2019.11.18.,2019.11.24.,22,9,11,27,48,82,123,179,155,167,125,115,65,1128,14,3,12,13,19,32,68,105,114,162,213,226,192,1173,36,12,23,40,67,114,191,284,269,329,338,341,257,2301
2019,48,2019.11.25.,2019.12.01.,22,4,17,25,58,82,129,170,151,140,156,117,66,1137,10,6,8,15,23,35,69,97,144,174,197,237,205,1220,32,10,25,40,81,117,198,267,295,314,353,354,271,2357
2019,49,2019.12.02.,2019.12.08.,15,12,17,33,41,91,148,194,151,183,154,120,68,1227,15,4,11,13,21,39,80,118,130,189,230,267,217,1334,30,16,28,46,62,130,228,312,281,372,384,387,285,2561
2019,50,2019.12.09.,2019.12.15.,21,7,24,37,46,84,154,182,166,195,165,117,71,1269,12,2,4,14,28,43,82,112,113,181,207,237,222,1257,33,9,28,51,74,127,236,294,279,376,372,354,293,2526
2019,51,2019.12.16.,2019.12.22.,22,16,22,31,60,70,143,191,175,173,136,123,70,1232,15,7,11,13,27,42,83,117,127,176,224,261,203,1306,37,23,33,44,87,112,226,308,302,349,360,384,273,2538
2019,52,2019.12.23.,2019.12.29.,18,12,15,19,57,83,141,200,158,171,153,122,76,1225,10,1,8,10,19,44,62,98,133,174,252,266,193,1270,28,13,23,29,76,127,203,298,291,345,405,388,269,2495
2020,1,2019.12.30.,2020.01.05.,17,10,14,31,67,97,156,181,167,183,149,121,73,1266,9,3,7,17,32,51,83,133,144,179,244,240,204,1346,26,13,21,48,99,148,239,314,311,362,393,361,277,2612
2020,2,2020.01.06.,2020.01.12.,25,11,27,29,54,89,151,199,176,146,176,147,72,1302,10,4,8,11,27,33,77,109,131,194,227,241,211,1283,35,15,35,40,81,122,228,308,307,340,403,388,283,2585
2020,3,2020.01.13.,2020.01.19.,21,7,18,36,61,75,131,164,183,180,163,121,82,1242,9,5,10,16,25,47,85,102,126,195,252,243,227,1342,30,12,28,52,86,122,216,266,309,375,415,364,309,2584
2020,4,2020.01.20.,2020.01.26.,15,7,21,34,53,92,150,203,167,187,147,133,76,1285,11,3,11,8,31,46,96,109,156,197,264,297,209,1438,26,10,32,42,84,138,246,312,323,384,411,430,285,2723
2020,5,2020.01.27.,2020.02.02.,22,9,18,34,49,75,155,196,200,207,166,140,87,1358,10,3,9,6,22,40,88,125,134,242,246,263,256,1444,32,12,27,40,71,115,243,321,334,449,412,403,343,2802
2020,6,2020.02.03.,2020.02.09.,16,16,14,31,51,91,155,180,184,201,156,135,66,1296,6,4,10,11,25,44,69,126,143,189,242,260,212,1341,22,20,24,42,76,135,224,306,327,390,398,395,278,2637
2020,7,2020.02.10.,2020.02.16.,21,10,18,32,58,87,117,204,172,197,181,125,82,1304,12,5,6,10,19,44,89,136,158,206,258,276,228,1447,33,15,24,42,77,131,206,340,330,403,439,401,310,2751
2020,8,2020.02.17.,2020.02.23.,20,9,16,26,48,84,129,176,164,200,156,126,70,1224,4,4,11,11,16,35,76,140,137,186,248,266,227,1361,24,13,27,37,64,119,205,316,301,386,404,392,297,2585
2020,9,2020.02.24.,2020.03.01.,15,8,21,39,58,77,147,190,193,193,168,110,81,1300,12,2,11,17,31,41,85,115,151,198,276,292,250,1481,27,10,32,56,89,118,232,305,344,391,444,402,331,2781
2020,10,2020.03.02.,2020.03.08.,23,6,15,25,51,79,154,208,179,197,166,132,70,1305,8,2,10,15,17,28,71,93,141,182,251,244,239,1301,31,8,25,40,68,107,225,301,320,379,417,376,309,2606
2020,11,2020.03.09.,2020.03.15.,25,8,17,17,61,73,124,164,188,198,161,117,75,1228,15,5,14,10,26,37,73,133,143,205,222,254,213,1350,40,13,31,27,87,110,197,297,331,403,383,371,288,2578
2020,12,2020.03.16.,2020.03.22.,18,10,14,30,68,92,156,193,172,193,180,141,74,1341,11,3,6,15,21,37,71,145,136,212,272,305,226,1460,29,13,20,45,89,129,227,338,308,405,452,446,300,2801
2020,13,2020.03.23.,2020.03.29.,24,11,13,36,38,69,122,193,174,174,151,133,87,1225,9,8,9,14,28,38,77,140,124,180,268,245,227,1367,33,19,22,50,66,107,199,333,298,354,419,378,314,2592
2020,14,2020.03.30.,2020.04.05.,20,7,12,30,48,67,154,185,171,166,139,120,61,1180,10,5,3,19,30,51,95,119,142,175,226,251,222,1348,30,12,15,49,78,118,249,304,313,341,365,371,283,2528
2020,15,2020.04.06.,2020.04.12.,19,11,20,27,71,81,154,178,145,172,142,128,90,1238,15,6,8,21,34,37,78,116,119,209,216,260,218,1337,34,17,28,48,105,118,232,294,264,381,358,388,308,2575
2020,16,2020.04.13.,2020.04.19.,17,5,10,41,63,97,123,182,160,170,164,123,70,1225,8,7,13,14,29,40,78,108,116,178,209,278,206,1284,25,12,23,55,92,137,201,290,276,348,373,401,276,2509
2020,17,2020.04.20.,2020.04.26.,18,10,11,34,48,69,140,163,175,160,132,124,55,1139,8,5,6,19,23,37,73,105,127,178,209,198,232,1220,26,15,17,53,71,106,213,268,302,338,341,322,287,2359
2020,18,2020.04.27.,2020.05.03.,25,6,14,25,51,68,112,159,148,144,135,113,51,1051,9,4,12,11,29,37,65,96,105,171,222,217,220,1198,34,10,26,36,80,105,177,255,253,315,357,330,271,2249
2020,19,2020.05.04.,2020.05.10.,13,8,15,40,51,76,119,161,142,175,144,104,58,1106,9,3,12,13,19,40,73,134,121,149,197,231,185,1186,22,11,27,53,70,116,192,295,263,324,341,335,243,2292
2020,20,2020.05.11.,2020.05.17.,22,14,15,31,45,77,143,183,151,152,142,121,68,1164,9,3,14,15,16,25,76,107,132,160,215,223,187,1182,31,17,29,46,61,102,219,290,283,312,357,344,255,2346
2020,21,2020.05.18.,2020.05.24.,15,11,15,24,42,83,105,160,148,166,122,102,55,1048,15,3,4,16,17,25,61,94,136,160,186,191,154,1062,30,14,19,40,59,108,166,254,284,326,308,293,209,2110
2020,22,2020.05.25.,2020.05.31.,30,10,17,27,42,73,122,165,139,145,126,115,51,1062,8,4,7,16,16,39,80,95,134,166,195,204,165,1129,38,14,24,43,58,112,202,260,273,311,321,319,216,2191
2020,23,2020.06.01.,2020.06.07.,22,5,21,20,51,91,166,183,155,158,129,114,71,1186,4,5,9,25,26,32,71,101,127,168,237,210,198,1213,26,10,30,45,77,123,237,284,282,326,366,324,269,2399
2020,24,2020.06.08.,2020.06.14.,18,11,20,30,41,69,124,160,136,168,145,121,73,1116,6,4,9,15,18,30,77,116,123,136,198,253,187,1172,24,15,29,45,59,99,201,276,259,304,343,374,260,2288
2020,25,2020.06.15.,2020.06.21.,20,6,20,37,52,63,127,142,176,117,117,92,58,1027,9,3,9,21,17,34,61,93,120,161,183,173,157,1041,29,9,29,58,69,97,188,235,296,278,300,265,215,2068
2020,26,2020.06.22.,2020.06.28.,17,14,20,27,51,88,138,172,152,161,122,127,61,1150,8,3,9,13,20,43,74,101,131,167,183,198,169,1119,25,17,29,40,71,131,212,273,283,328,305,325,230,2269
2020,27,2020.06.29.,2020.07.05.,23,5,17,30,52,79,120,164,171,181,126,116,67,1151,6,8,9,16,23,24,70,123,108,162,208,213,196,1166,29,13,26,46,75,103,190,287,279,343,334,329,263,2317
2020,28,2020.07.06.,2020.07.12.,15,8,13,25,42,76,146,155,137,139,148,104,52,1060,16,1,13,14,24,36,64,102,110,134,208,212,175,1109,31,9,26,39,66,112,210,257,247,273,356,316,227,2169
2020,29,2020.07.13.,2020.07.19.,12,5,17,23,55,67,111,160,169,143,137,118,62,1079,12,4,11,16,19,26,55,99,121,146,185,190,147,1031,24,9,28,39,74,93,166,259,290,289,322,308,209,2110
2020,30,2020.07.20.,2020.07.26.,18,2,16,29,46,64,118,168,140,159,110,109,52,1031,7,0,7,13,18,42,64,101,122,156,194,208,190,1122,25,2,23,42,64,106,182,269,262,315,304,317,242,2153
2020,31,2020.07.27.,2020.08.02.,23,10,20,26,52,71,125,164,147,164,138,113,76,1129,5,3,12,21,32,46,72,102,109,177,218,268,168,1233,28,13,32,47,84,117,197,266,256,341,356,381,244,2362
2020,32,2020.08.03.,2020.08.09.,19,9,23,35,60,75,129,175,149,178,130,110,69,1161,8,4,9,14,26,34,83,107,126,152,201,221,165,1150,27,13,32,49,86,109,212,282,275,330,331,331,234,2311
2020,33,2020.08.10.,2020.08.16.,16,9,27,37,61,74,128,171,142,167,141,117,57,1147,7,7,7,14,23,26,65,119,121,152,173,223,184,1121,23,16,34,51,84,100,193,290,263,319,314,340,241,2268
2020,34,2020.08.17.,2020.08.23.,18,7,24,29,64,73,117,183,141,153,135,97,79,1120,4,5,7,16,26,35,59,94,138,145,177,210,188,1104,22,12,31,45,90,108,176,277,279,298,312,307,267,2224
2020,35,2020.08.24.,2020.08.30.,19,11,15,24,39,85,109,192,137,150,148,93,63,1085,8,6,6,10,27,40,62,104,123,162,181,207,182,1118,27,17,21,34,66,125,171,296,260,312,329,300,245,2203
2020,36,2020.08.31.,2020.09.06.,28,11,20,24,56,63,123,160,172,160,115,101,64,1097,7,3,11,16,21,34,57,97,101,175,208,221,173,1124,35,14,31,40,77,97,180,257,273,335,323,322,237,2221
2020,37,2020.09.07.,2020.09.13.,18,10,23,26,58,75,134,173,164,148,126,129,70,1154,11,1,5,10,26,39,59,104,127,160,198,239,200,1179,29,11,28,36,84,114,193,277,291,308,324,368,270,2333
2020,38,2020.09.14.,2020.09.20.,15,11,14,39,61,78,133,182,171,165,176,110,53,1208,12,6,9,15,30,32,74,102,127,191,213,249,204,1264,27,17,23,54,91,110,207,284,298,356,389,359,257,2472
2020,39,2020.09.21.,2020.09.27.,21,14,21,32,59,75,127,206,185,159,145,105,68,1217,9,8,10,15,22,31,62,120,139,185,237,223,179,1240,30,22,31,47,81,106,189,326,324,344,382,328,247,2457
2020,40,2020.09.28.,2020.10.04.,23,18,18,26,51,89,122,187,173,194,150,121,77,1249,18,8,9,12,28,47,69,119,141,200,216,239,207,1313,41,26,27,38,79,136,191,306,314,394,366,360,284,2562
2020,41,2020.10.05.,2020.10.11.,22,11,13,31,65,83,130,178,180,181,152,132,71,1249,10,4,4,9,23,41,53,119,137,203,236,278,197,1314,32,15,17,40,88,124,183,297,317,384,388,410,268,2563
2020,42,2020.10.12.,2020.10.18.,20,10,19,37,60,72,158,200,185,208,146,147,70,1332,4,3,4,17,25,49,81,136,139,208,259,267,234,1426,24,13,23,54,85,121,239,336,324,416,405,414,304,2758
2020,43,2020.10.19.,2020.10.25.,29,11,17,44,62,88,151,228,217,207,180,135,74,1443,14,8,14,16,27,36,61,127,171,222,313,271,266,1546,43,19,31,60,89,124,212,355,388,429,493,406,340,2989
2020,44,2020.10.26.,2020.11.01.,22,4,14,41,64,81,164,254,231,237,217,160,97,1586,10,7,17,19,33,39,92,139,158,233,290,300,262,1599,32,11,31,60,97,120,256,393,389,470,507,460,359,3185
2020,45,2020.11.02.,2020.11.08.,21,10,24,42,68,102,156,279,243,260,226,213,119,1763,14,8,15,15,22,53,84,157,184,268,345,340,283,1788,35,18,39,57,90,155,240,436,427,528,571,553,402,3551
2020,46,2020.11.09.,2020.11.15.,30,7,24,53,82,104,191,286,317,301,283,203,104,1985,14,3,11,16,38,44,96,166,202,306,407,389,286,1978,44,10,35,69,120,148,287,452,519,607,690,592,390,3963
2020,47,2020.11.16.,2020.11.22.,18,11,20,44,62,125,208,323,315,302,257,188,122,1995,11,4,10,17,33,44,78,154,210,294,397,384,319,1955,29,15,30,61,95,169,286,477,525,596,654,572,441,3950
2020,48,2020.11.23.,2020.11.29.,14,10,24,49,62,102,212,318,291,303,268,227,118,1998,13,11,9,15,39,62,106,143,226,281,388,447,329,2069,27,21,33,64,101,164,318,461,517,584,656,674,447,4067
2020,49,2020.11.30.,2020.12.06.,21,10,28,39,84,123,213,305,314,289,281,183,124,2014,12,7,14,25,33,57,99,166,236,285,414,421,386,2155,33,17,42,64,117,180,312,471,550,574,695,604,510,4169
2020,50,2020.12.07.,2020.12.13.,29,11,27,54,55,98,182,286,272,303,271,184,119,1891,13,4,17,24,42,53,102,170,211,303,418,465,376,2198,42,15,44,78,97,151,284,456,483,606,689,649,495,4089
2020,51,2020.12.14.,2020.12.20.,24,12,19,39,66,105,206,234,285,269,224,178,120,1781,9,9,11,23,29,46,80,169,193,275,379,379,350,1952,33,21,30,62,95,151,286,403,478,544,603,557,470,3733
2020,52,2020.12.21.,2020.12.27.,29,7,23,38,76,121,194,276,267,280,218,172,103,1804,12,4,12,24,41,50,79,171,220,250,358,394,333,1948,41,11,35,62,117,171,273,447,487,530,576,566,436,3752
2020,53,2020.12.28.,2021.01.03.,20,15,21,34,62,105,165,237,254,246,238,164,97,1658,13,5,9,17,27,46,72,155,201,269,343,366,304,1827,33,20,30,51,89,151,237,392,455,515,581,530,401,3485
2021,1,2021.01.04.,2021.01.10.,15,18,20,33,77,97,179,220,210,226,212,151,84,1542,8,6,15,19,46,54,96,127,167,235,307,332,268,1680,23,24,35,52,123,151,275,347,377,461,519,483,352,3222
2021,2,2021.01.11.,2021.01.17.,20,6,20,46,60,85,160,228,254,253,201,167,78,1578,6,3,9,16,31,42,81,123,181,228,328,318,260,1626,26,9,29,62,91,127,241,351,435,481,529,485,338,3204
2021,3,2021.01.18.,2021.01.24.,16,12,18,36,64,86,159,245,216,229,164,133,91,1469,11,3,9,16,33,49,90,126,154,240,282,302,260,1575,27,15,27,52,97,135,249,371,370,469,446,435,351,3044
2021,4,2021.01.25.,2021.01.31.,15,10,17,39,74,88,136,171,210,184,188,137,87,1356,14,1,5,17,29,42,91,137,153,196,298,250,278,1511,29,11,22,56,103,130,227,308,363,380,486,387,365,2867
2021,5,2021.02.01.,2021.02.07.,20,11,18,37,57,112,161,214,204,192,180,125,77,1408,18,3,10,17,28,43,80,124,150,203,274,273,253,1476,38,14,28,54,85,155,241,338,354,395,454,398,330,2884
2021,6,2021.02.08.,2021.02.14.,24,6,22,34,58,87,136,201,212,195,201,154,84,1414,13,7,4,14,34,37,76,138,178,207,262,284,220,1474,37,13,26,48,92,124,212,339,390,402,463,438,304,2888
2021,7,2021.02.15.,2021.02.21.,16,11,25,29,55,75,147,242,215,216,187,151,85,1454,14,7,9,17,20,37,65,134,154,209,299,292,215,1472,30,18,34,46,75,112,212,376,369,425,486,443,300,2926
2021,8,2021.02.22.,2021.02.28.,17,8,22,40,70,88,195,222,227,228,222,158,83,1580,11,5,9,21,30,55,75,133,187,205,306,302,253,1592,28,13,31,61,100,143,270,355,414,433,528,460,336,3172
2021,9,2021.03.01.,2021.03.07.,13,7,22,45,91,96,174,280,258,246,206,153,83,1674,7,5,9,18,33,54,97,129,210,255,286,262,232,1597,20,12,31,63,124,150,271,409,468,501,492,415,315,3271
2021,10,2021.03.08.,2021.03.14.,34,13,30,52,100,145,223,285,300,305,235,155,87,1964,10,9,8,17,46,55,129,179,206,258,356,306,266,1845,44,22,38,69,146,200,352,464,506,563,591,461,353,3809
2021,11,2021.03.15.,2021.03.21.,30,16,29,51,110,126,224,332,325,327,279,169,109,2127,8,8,17,35,56,77,137,204,281,334,374,352,291,2174,38,24,46,86,166,203,361,536,606,661,653,521,400,4301
2021,12,2021.03.22.,2021.03.28.,30,20,39,56,106,152,258,350,372,357,256,188,103,2287,15,6,27,43,45,64,139,256,308,342,412,355,269,2281,45,26,66,99,151,216,397,606,680,699,668,543,372,4568
2021,13,2021.03.29.,2021.04.04.,21,18,43,74,113,151,266,422,364,369,244,175,99,2359,20,12,24,27,47,76,149,208,296,308,375,353,280,2175,41,30,67,101,160,227,415,630,660,677,619,528,379,4534
2021,14,2021.04.05.,2021.04.11.,17,17,35,59,118,142,228,336,351,286,238,177,96,2100,14,13,14,28,53,71,134,211,286,298,338,350,229,2039,31,30,49,87,171,213,362,547,637,584,576,527,325,4139
2021,15,2021.04.12.,2021.04.18.,21,9,39,54,75,135,192,277,275,241,196,140,84,1738,20,13,10,22,35,74,112,185,234,260,299,305,225,1794,41,22,49,76,110,209,304,462,509,501,495,445,309,3532
2021,16,2021.04.19.,2021.04.25.,26,10,28,55,69,106,182,251,222,243,196,137,91,1616,10,3,17,25,36,64,113,163,187,243,289,266,219,1635,36,13,45,80,105,170,295,414,409,486,485,403,310,3251
2021,17,2021.04.26.,2021.05.02.,28,12,27,38,63,96,156,226,215,226,165,153,78,1483,9,9,7,21,25,68,80,141,172,205,268,277,205,1487,37,21,34,59,88,164,236,367,387,431,433,430,283,2970
2021,18,2021.05.03.,2021.05.09.,23,15,27,41,64,92,151,217,182,165,153,114,51,1295,14,7,16,23,43,48,96,121,161,196,252,249,203,1429,37,22,43,64,107,140,247,338,343,361,405,363,254,2724
2021,19,2021.05.10.,2021.05.16.,11,5,23,36,60,71,125,200,192,163,148,129,68,1231,7,2,3,9,24,52,77,125,164,196,237,209,216,1321,18,7,26,45,84,123,202,325,356,359,385,338,284,2552
2021,20,2021.05.17.,2021.05.23.,16,6,18,38,50,76,125,207,178,171,133,103,84,1205,15,2,10,11,27,36,76,98,142,155,210,232,173,1187,31,8,28,49,77,112,201,305,320,326,343,335,257,2392
2021,21,2021.05.24.,2021.05.30.,20,12,19,35,53,56,124,184,172,164,119,128,57,1143,12,9,6,14,27,40,58,122,143,169,214,194,183,1191,32,21,25,49,80,96,182,306,315,333,333,322,240,2334
2021,22,2021.05.31.,2021.06.06.,23,11,20,39,44,70,153,191,180,155,144,120,59,1209,14,1,8,10,31,40,76,116,129,173,215,202,186,1201,37,12,28,49,75,110,229,307,309,328,359,322,245,2410
2021,23,2021.06.07.,2021.06.13.,28,10,19,36,51,84,113,199,177,180,145,117,56,1215,12,4,7,13,19,41,75,124,132,146,206,193,188,1160,40,14,26,49,70,125,188,323,309,326,351,310,244,2375
2021,24,2021.06.14.,2021.06.20.,25,11,22,29,46,61,123,171,168,164,144,110,66,1140,12,4,7,19,19,45,70,133,118,153,236,227,187,1230,37,15,29,48,65,106,193,304,286,317,380,337,253,2370
2021,25,2021.06.21.,2021.06.27.,18,14,20,36,51,78,124,204,192,194,175,141,65,1312,11,6,5,9,30,38,65,113,155,181,248,285,220,1366,29,20,25,45,81,116,189,317,347,375,423,426,285,2678
2021,26,2021.06.28.,2021.07.04.,16,11,15,32,40,79,127,197,181,177,157,128,60,1220,14,4,11,17,26,36,56,110,126,145,213,229,182,1169,30,15,26,49,66,115,183,307,307,322,370,357,242,2389
2021,27,2021.07.05.,2021.07.11.,26,10,19,30,59,73,128,189,196,153,143,101,62,1189,8,4,6,18,26,39,58,93,127,188,200,234,172,1173,34,14,25,48,85,112,186,282,323,341,343,335,234,2362
2021,28,2021.07.12.,2021.07.18.,19,7,22,27,46,63,139,206,172,157,152,123,79,1212,10,4,11,16,26,43,56,110,133,180,212,226,185,1212,29,11,33,43,72,106,195,316,305,337,364,349,264,2424
2021,29,2021.07.19.,2021.07.25.,34,11,14,26,40,71,103,177,167,155,118,77,66,1059,10,5,13,12,31,38,69,87,113,144,185,196,148,1051,44,16,27,38,71,109,172,264,280,299,303,273,214,2110
2021,30,2021.07.26.,2021.08.01.,28,7,19,32,65,83,112,215,188,164,163,119,66,1261,15,7,10,22,24,35,67,115,117,177,223,227,205,1244,43,14,29,54,89,118,179,330,305,341,386,346,271,2505
2021,31,2021.08.02.,2021.08.08.,14,11,20,39,46,71,128,151,172,143,129,92,69,1085,10,4,6,15,22,37,45,97,130,156,210,213,160,1105,24,15,26,54,68,108,173,248,302,299,339,305,229,2190
2021,32,2021.08.09.,2021.08.15.,28,15,17,28,55,71,127,171,178,175,149,100,65,1179,11,4,5,19,21,38,72,100,105,156,217,208,216,1172,39,19,22,47,76,109,199,271,283,331,366,308,281,2351
2021,33,2021.08.16.,2021.08.22.,15,4,19,34,52,73,122,153,154,166,104,104,64,1064,14,5,3,21,33,37,62,116,131,160,191,193,174,1140,29,9,22,55,85,110,184,269,285,326,295,297,238,2204
2021,34,2021.08.23.,2021.08.29.,14,7,19,27,52,68,127,161,176,140,136,97,62,1086,13,0,8,12,23,21,64,99,122,151,175,217,176,1081,27,7,27,39,75,89,191,260,298,291,311,314,238,2167
2021,35,2021.08.30.,2021.09.05.,19,4,19,21,41,67,125,159,164,174,155,109,59,1116,7,6,8,17,20,38,62,116,112,174,222,192,182,1156,26,10,27,38,61,105,187,275,276,348,377,301,241,2272
2021,36,2021.09.06.,2021.09.12.,24,11,14,19,55,79,126,179,180,179,171,110,61,1208,9,4,4,17,32,38,60,114,126,159,204,234,199,1200,33,15,18,36,87,117,186,293,306,338,375,344,260,2408
2021,37,2021.09.13.,2021.09.19.,15,11,20,23,49,86,114,204,197,166,130,128,62,1205,10,2,6,21,26,35,59,113,126,191,213,229,234,1265,25,13,26,44,75,121,173,317,323,357,343,357,296,2470
2021,38,2021.09.20.,2021.09.26.,25,13,20,34,45,84,119,184,176,154,134,121,73,1182,13,5,4,13,22,50,70,122,147,154,212,202,177,1191,38,18,24,47,67,134,189,306,323,308,346,323,250,2373
2021,39,2021.09.27.,2021.10.03.,27,13,13,34,43,76,116,191,166,148,153,133,77,1190,7,6,10,17,31,38,69,108,125,180,204,232,209,1236,34,19,23,51,74,114,185,299,291,328,357,365,286,2426
2021,40,2021.10.04.,2021.10.10.,24,13,23,35,55,81,147,229,170,177,161,122,79,1316,9,5,10,14,28,29,62,122,131,152,232,225,199,1218,33,18,33,49,83,110,209,351,301,329,393,347,278,2534
2021,41,2021.10.11.,2021.10.17.,22,7,25,34,60,106,131,189,184,177,157,113,73,1278,11,3,9,21,26,55,58,142,147,197,264,224,230,1387,33,10,34,55,86,161,189,331,331,374,421,337,303,2665
2021,42,2021.10.18.,2021.10.24.,13,11,24,36,62,88,118,198,196,203,175,112,85,1321,13,4,13,14,33,41,73,129,139,187,254,239,208,1347,26,15,37,50,95,129,191,327,335,390,429,351,293,2668
2021,43,2021.10.25.,2021.10.31.,31,8,26,42,69,99,145,249,226,204,182,117,89,1487,5,4,9,13,39,46,80,138,173,222,249,280,230,1488,36,12,35,55,108,145,225,387,399,426,431,397,319,2975
2021,44,2021.11.01.,2021.11.07.,22,9,27,52,78,113,164,258,242,239,207,156,94,1661,12,9,11,26,39,42,97,161,164,203,311,325,271,1671,34,18,38,78,117,155,261,419,406,442,518,481,365,3332
2021,45,2021.11.08.,2021.11.14.,25,13,31,56,100,132,168,274,259,231,210,127,96,1722,16,7,9,21,35,60,104,152,217,253,313,347,274,1808,41,20,40,77,135,192,272,426,476,484,523,474,370,3530
2021,46,2021.11.15.,2021.11.21.,30,13,29,77,87,134,194,267,279,238,231,151,88,1818,13,7,9,21,42,57,101,189,220,276,344,319,257,1855,43,20,38,98,129,191,295,456,499,514,575,470,345,3673
2021,47,2021.11.22.,2021.11.28.,32,12,35,57,94,133,212,309,325,272,222,192,110,2005,23,5,16,32,46,58,129,209,224,268,372,367,276,2025,55,17,51,89,140,191,341,518,549,540,594,559,386,4030
2021,48,2021.11.29.,2021.12.05.,30,17,30,65,108,137,231,301,319,290,246,160,88,2022,22,8,13,25,46,70,119,198,224,297,386,387,334,2129,52,25,43,90,154,207,350,499,543,587,632,547,422,4151
2021,49,2021.12.06.,2021.12.12.,33,16,37,58,91,122,235,333,318,242,252,166,107,2010,16,6,13,22,41,55,116,181,226,304,341,335,299,1955,49,22,50,80,132,177,351,514,544,546,593,501,406,3965
2021,50,2021.12.13.,2021.12.19.,31,19,35,51,91,127,194,283,250,218,196,176,95,1766,16,9,18,23,36,73,113,173,216,268,302,334,310,1891,47,28,53,74,127,200,307,456,466,486,498,510,405,3657
2021,51,2021.12.20.,2021.12.26.,20,14,16,50,81,124,159,283,261,232,187,135,81,1643,17,5,22,19,48,61,111,191,173,223,313,318,304,1805,37,19,38,69,129,185,270,474,434,455,500,453,385,3448
2021,52,2021.12.27.,2022.01.02.,25,17,19,66,89,95,183,253,236,216,188,137,112,1636,20,3,13,23,35,57,92,174,187,215,311,319,271,1720,45,20,32,89,124,152,275,427,423,431,499,456,383,3356
2022,1,2022.01.03.,2022.01.09.,23,21,34,25,87,103,167,220,206,206,165,130,88,1475,16,5,11,18,34,48,84,154,188,239,296,302,262,1657,39,26,45,43,121,151,251,374,394,445,461,432,350,3132
2022,2,2022.01.10.,2022.01.16.,19,11,26,34,78,104,150,227,221,185,164,111,85,1415,7,8,8,24,36,44,86,136,175,221,254,266,220,1485,26,19,34,58,114,148,236,363,396,406,418,377,305,2900
2022,3,2022.01.17.,2022.01.23.,21,14,13,43,66,80,138,235,219,195,187,145,73,1429,13,0,12,19,30,45,80,144,147,216,258,238,227,1429,34,14,25,62,96,125,218,379,366,411,445,383,300,2858
2022,4,2022.01.24.,2022.01.30.,25,7,15,35,61,88,136,214,220,216,191,159,82,1449,7,4,9,15,25,45,73,126,156,224,270,298,233,1485,32,11,24,50,86,133,209,340,376,440,461,457,315,2934
2022,5,2022.01.31.,2022.02.06.,16,14,15,33,66,95,131,209,243,230,205,146,105,1508,10,3,5,16,37,47,86,135,168,250,312,297,262,1628,26,17,20,49,103,142,217,344,411,480,517,443,367,3136
2022,6,2022.02.07.,2022.02.13.,20,9,13,36,64,103,128,227,243,215,198,147,114,1517,6,3,10,12,35,46,84,138,185,243,326,307,260,1655,26,12,23,48,99,149,212,365,428,458,524,454,374,3172
2022,7,2022.02.14.,2022.02.20.,19,7,19,39,56,86,126,228,224,199,220,168,104,1495,14,9,6,22,26,49,92,148,157,232,307,327,306,1695,33,16,25,61,82,135,218,376,381,431,527,495,410,3190
2022,8,2022.02.21.,2022.02.27.,17,5,13,29,63,90,149,216,232,208,187,152,99,1460,10,5,7,11,30,43,76,143,155,222,274,315,261,1552,27,10,20,40,93,133,225,359,387,430,461,467,360,3012
2022,9,2022.02.28.,2022.03.06.,23,5,25,31,55,86,130,203,207,202,206,127,78,1378,9,4,12,16,29,30,73,144,160,194,274,292,273,1510,32,9,37,47,84,116,203,347,367,396,480,419,351,2888
2022,10,2022.03.07.,2022.03.13.,22,12,12,43,57,86,130,211,228,179,182,130,79,1371,8,6,8,15,28,35,66,130,150,200,231,281,230,1388,30,18,20,58,85,121,196,341,378,379,413,411,309,2759
2022,11,2022.03.14.,2022.03.20.,17,10,17,44,54,78,138,215,219,202,174,121,73,1362,13,10,10,17,27,28,74,141,163,204,256,295,263,1501,30,20,27,61,81,106,212,356,382,406,430,416,336,2863
2022,12,2022.03.21.,2022.03.27.,16,5,16,38,50,81,146,225,203,171,176,121,73,1321,10,4,5,21,23,39,90,136,155,194,268,254,243,1442,26,9,21,59,73,120,236,361,358,365,444,375,316,2763
2022,13,2022.03.28.,2022.04.03.,23,9,20,29,60,62,130,224,215,205,160,130,85,1352,17,1,5,12,26,44,70,131,158,197,248,276,240,1425,40,10,25,41,86,106,200,355,373,402,408,406,325,2777
2022,14,2022.04.04.,2022.04.10.,19,7,18,37,58,78,131,202,215,200,167,122,81,1335,4,4,11,16,27,52,53,133,163,180,237,276,249,1405,23,11,29,53,85,130,184,335,378,380,404,398,330,2740
2022,15,2022.04.11.,2022.04.17.,19,12,5,31,49,68,129,193,188,219,154,122,81,1270,9,3,6,18,22,33,76,117,123,206,246,208,198,1265,28,15,11,49,71,101,205,310,311,425,400,330,279,2535
2022,16,2022.04.18.,2022.04.24.,18,8,22,33,52,88,119,205,216,185,134,110,69,1259,10,5,10,16,22,42,74,127,144,174,238,259,228,1349,28,13,32,49,74,130,193,332,360,359,372,369,297,2608
2022,17,2022.04.25.,2022.05.01.,17,6,21,39,67,71,125,183,223,193,177,110,90,1322,8,5,5,24,20,42,61,123,144,192,215,221,228,1288,25,11,26,63,87,113,186,306,367,385,392,331,318,2610
2022,18,2022.05.02.,2022.05.08.,18,13,22,37,66,72,125,188,210,163,137,109,61,1221,12,6,14,22,14,37,76,110,123,170,216,222,195,1217,30,19,36,59,80,109,201,298,333,333,353,331,256,2438
2022,19,2022.05.09.,2022.05.15.,19,4,10,35,52,84,107,181,188,164,145,105,75,1169,12,7,7,22,24,28,47,122,124,153,253,213,199,1211,31,11,17,57,76,112,154,303,312,317,398,318,274,2380
2022,20,2022.05.16.,2022.05.22.,21,6,15,27,42,78,123,179,154,153,148,98,62,1106,8,5,8,14,21,37,61,87,139,173,191,200,188,1132,29,11,23,41,63,115,184,266,293,326,339,298,250,2238
2022,21,2022.05.23.,2022.05.29.,19,4,17,34,42,54,120,178,164,152,137,90,58,1069,7,4,3,12,22,30,57,102,122,155,196,192,204,1106,26,8,20,46,64,84,177,280,286,307,333,282,262,2175
2022,22,2022.05.30.,2022.06.05.,20,12,16,29,47,68,115,176,168,160,152,103,71,1137,13,3,7,20,34,43,61,112,137,180,184,225,181,1200,33,15,23,49,81,111,176,288,305,340,336,328,252,2337
2022,23,2022.06.06.,2022.06.12.,12,10,8,34,59,64,127,189,178,166,136,109,71,1163,6,2,12,13,17,33,61,108,132,171,207,219,182,1163,18,12,20,47,76,97,188,297,310,337,343,328,253,2326
2022,24,2022.06.13.,2022.06.19.,19,6,19,28,49,81,95,173,160,149,136,100,53,1068,16,2,6,16,18,31,51,85,109,139,181,184,167,1005,35,8,25,44,67,112,146,258,269,288,317,284,220,2073
2022,25,2022.06.20.,2022.06.26.,13,9,22,28,49,86,112,203,176,152,156,86,58,1150,6,6,7,6,26,33,63,128,133,165,207,195,194,1169,19,15,29,34,75,119,175,331,309,317,363,281,252,2319
2022,26,2022.06.27.,2022.07.03.,24,12,18,35,61,80,139,208,201,187,157,114,71,1307,8,4,7,20,28,38,66,118,177,190,246,270,257,1429,32,16,25,55,89,118,205,326,378,377,403,384,328,2736
2022,27,2022.07.04.,2022.07.10.,25,5,18,34,56,78,105,190,171,150,139,108,77,1156,10,5,3,21,32,29,46,96,118,187,188,202,179,1116,35,10,21,55,88,107,151,286,289,337,327,310,256,2272
2022,28,2022.07.11.,2022.07.17.,17,7,13,37,42,80,124,174,160,133,129,90,48,1054,3,1,11,11,23,36,60,108,119,159,188,212,196,1127,20,8,24,48,65,116,184,282,279,292,317,302,244,2181
2022,29,2022.07.18.,2022.07.24.,19,11,11,38,62,85,134,193,182,172,157,132,85,1281,9,3,7,14,23,31,75,121,159,199,232,257,230,1360,28,14,18,52,85,116,209,314,341,371,389,389,315,2641
2022,30,2022.07.25.,2022.07.31.,26,15,15,47,54,77,103,190,183,158,166,118,68,1220,17,6,11,20,34,38,58,123,127,186,226,255,195,1296,43,21,26,67,88,115,161,313,310,344,392,373,263,2516
2022,31,2022.08.01.,2022.08.07.,20,8,23,35,46,79,107,172,175,166,147,113,67,1158,9,6,7,9,26,35,59,94,134,160,197,245,207,1188,29,14,30,44,72,114,166,266,309,326,344,358,274,2346
2022,32,2022.08.08.,2022.08.14.,18,12,20,26,55,71,112,178,170,164,157,115,68,1166,12,6,9,21,23,33,58,99,135,155,243,237,195,1226,30,18,29,47,78,104,170,277,305,319,400,352,263,2392
2022,33,2022.08.15.,2022.08.21.,26,9,19,28,51,70,117,198,211,171,173,120,84,1277,9,2,8,19,24,39,67,120,129,178,226,244,233,1298,35,11,27,47,75,109,184,318,340,349,399,364,317,2575
2022,34,2022.08.22.,2022.08.28.,14,6,22,29,43,83,123,191,156,164,165,95,67,1158,10,4,12,14,25,32,57,98,140,187,204,201,201,1185,24,10,34,43,68,115,180,289,296,351,369,296,268,2343
2022,35,2022.08.29.,2022.09.04.,28,16,12,32,56,72,131,141,176,139,164,102,56,1125,11,8,3,17,25,35,56,96,107,141,209,208,179,1095,39,24,15,49,81,107,187,237,283,280,373,310,235,2220
2022,36,2022.09.05.,2022.09.11.,20,15,22,23,49,61,117,190,175,169,145,114,86,1186,9,2,7,13,23,39,60,129,128,142,198,198,205,1153,29,17,29,36,72,100,177,319,303,311,343,312,291,2339
2022,37,2022.09.12.,2022.09.18.,32,9,13,28,46,83,110,175,163,143,142,100,69,1113,9,8,9,18,17,26,61,103,136,160,215,193,203,1158,41,17,22,46,63,109,171,278,299,303,357,293,272,2271
2022,38,2022.09.19.,2022.09.25.,15,10,18,34,62,83,127,210,189,167,162,134,70,1281,10,3,7,10,24,32,32,121,141,174,244,217,207,1222,25,13,25,44,86,115,159,331,330,341,406,351,277,2503
2022,39,2022.09.26.,2022.10.02.,19,13,12,27,72,79,144,214,175,203,181,143,69,1351,9,6,11,19,20,33,73,139,140,185,274,261,249,1419,28,19,23,46,92,112,217,353,315,388,455,404,318,2770
2022,40,2022.10.03.,2022.10.09.,26,11,21,36,54,76,120,154,181,175,171,127,88,1240,14,2,9,17,34,38,50,104,161,192,248,250,226,1345,40,13,30,53,88,114,170,258,342,367,419,377,314,2585
2022,41,2022.10.10.,2022.10.16.,21,5,22,35,54,84,112,198,188,195,191,129,79,1313,16,5,8,19,17,33,49,125,151,194,240,211,242,1310,37,10,30,54,71,117,161,323,339,389,431,340,321,2623
2022,42,2022.10.17.,2022.10.23.,13,10,16,32,54,78,109,196,199,170,171,122,81,1251,10,6,10,13,20,23,66,114,173,177,224,224,211,1271,23,16,26,45,74,101,175,310,372,347,395,346,292,2522
2022,43,2022.10.24.,2022.10.30.,17,7,14,37,52,77,108,175,193,189,169,128,73,1239,7,5,10,13,24,29,48,124,147,189,239,280,228,1343,24,12,24,50,76,106,156,299,340,378,408,408,301,2582
2022,44,2022.10.31.,2022.11.06.,23,5,20,30,48,77,116,191,183,169,166,111,78,1217,10,8,7,8,23,29,49,117,151,201,227,231,229,1290,33,13,27,38,71,106,165,308,334,370,393,342,307,2507
2022,45,2022.11.07.,2022.11.13.,28,10,12,39,46,82,128,163,178,180,183,122,74,1245,14,2,8,15,18,33,55,116,135,173,241,241,225,1276,42,12,20,54,64,115,183,279,313,353,424,363,299,2521
2022,46,2022.11.14.,2022.11.20.,18,10,10,32,59,81,108,189,198,168,153,112,81,1219,8,2,9,18,19,42,71,114,140,181,252,240,245,1341,26,12,19,50,78,123,179,303,338,349,405,352,326,2560
2022,47,2022.11.21.,2022.11.27.,24,13,18,35,54,81,120,184,199,179,183,107,85,1282,11,8,6,15,22,32,61,133,154,201,239,240,213,1335,35,21,24,50,76,113,181,317,353,380,422,347,298,2617
2022,48,2022.11.28.,2022.12.04.,13,4,17,35,49,92,108,201,181,169,175,130,77,1251,12,4,11,18,24,35,59,111,172,205,251,249,245,1396,25,8,28,53,73,127,167,312,353,374,426,379,322,2647
2022,49,2022.12.05.,2022.12.11.,18,17,17,38,54,77,133,186,200,212,206,161,86,1405,7,8,11,12,16,35,65,110,179,198,280,258,265,1444,25,25,28,50,70,112,198,296,379,410,486,419,351,2849
2022,50,2022.12.12.,2022.12.18.,13,8,12,31,63,102,137,186,210,205,169,133,81,1350,13,5,9,16,19,47,71,130,162,190,271,279,241,1453,26,13,21,47,82,149,208,316,372,395,440,412,322,2803
2022,51,2022.12.19.,2022.12.25.,14,12,20,34,54,97,137,243,203,193,192,140,94,1433,10,6,12,15,24,34,69,120,154,200,267,282,256,1449,24,18,32,49,78,131,206,363,357,393,459,422,350,2882
2022,52,2022.12.26.,2023.01.01.,21,10,18,38,60,93,141,190,225,205,179,124,102,1406,16,3,9,16,33,40,68,123,189,192,278,305,308,1580,37,13,27,54,93,133,209,313,414,397,457,429,410,2986
2023,1,2023.01.02.,2023.01.08.,12,11,20,32,54,77,142,199,201,186,174,125,97,1330,18,8,8,15,26,40,72,129,177,181,287,267,240,1468,30,19,28,47,80,117,214,328,378,367,461,392,337,2798
2023,2,2023.01.09.,2023.01.15.,14,13,13,34,49,84,123,180,192,182,184,122,73,1263,11,8,8,8,28,46,65,135,174,169,228,250,257,1387,25,21,21,42,77,130,188,315,366,351,412,372,330,2650
2023,3,2023.01.16.,2023.01.22.,15,7,15,36,69,76,141,168,219,185,175,125,97,1328,8,5,8,18,27,31,43,141,135,180,233,242,248,1319,23,12,23,54,96,107,184,309,354,365,408,367,345,2647
2023,4,2023.01.23.,2023.01.29.,16,5,7,24,52,90,125,204,183,178,151,117,67,1219,8,4,5,16,30,33,40,118,138,200,211,256,216,1275,24,9,12,40,82,123,165,322,321,378,362,373,283,2494
2023,5,2023.01.30.,2023.02.05.,23,7,13,31,55,96,122,194,183,184,161,108,73,1250,6,5,7,17,34,36,62,123,153,207,238,269,268,1425,29,12,20,48,89,132,184,317,336,391,399,377,341,2675
2023,6,2023.02.06.,2023.02.12.,20,12,19,46,58,72,130,213,196,166,179,123,78,1312,10,4,12,17,27,38,67,117,145,183,243,288,232,1383,30,16,31,63,85,110,197,330,341,349,422,411,310,2695
2023,7,2023.02.13.,2023.02.19.,22,10,14,36,55,81,138,214,213,215,207,121,84,1410,8,0,7,18,26,40,70,123,164,193,273,283,239,1444,30,10,21,54,81,121,208,337,377,408,480,404,323,2854
2023,8,2023.02.20.,2023.02.26.,20,12,15,35,56,61,135,218,234,198,190,117,74,1365,7,10,5,16,28,43,75,112,178,205,282,250,258,1469,27,22,20,51,84,104,210,330,412,403,472,367,332,2834
2023,9,2023.02.27.,2023.03.05.,16,6,15,34,58,59,137,215,189,186,182,105,93,1295,5,4,5,12,25,44,57,139,145,211,266,252,254,1419,21,10,20,46,83,103,194,354,334,397,448,357,347,2714
2023,10,2023.03.06.,2023.03.12.,20,9,24,33,46,61,125,200,231,184,175,124,80,1312,8,6,5,24,26,47,76,130,154,195,265,281,229,1446,28,15,29,57,72,108,201,330,385,379,440,405,309,2758
2023,11,2023.03.13.,2023.03.19.,19,11,15,27,53,87,138,190,200,214,171,115,91,1331,10,6,3,14,29,42,94,128,142,196,278,279,221,1442,29,17,18,41,82,129,232,318,342,410,449,394,312,2773
2023,12,2023.03.20.,2023.03.26.,18,5,24,29,60,88,133,211,205,198,160,113,71,1315,10,6,6,14,15,44,65,136,163,198,256,257,228,1398,28,11,30,43,75,132,198,347,368,396,416,370,299,2713
2023,13,2023.03.27.,2023.04.02.,7,19,15,38,45,82,107,201,193,183,187,112,97,1286,14,4,9,10,24,38,60,117,131,188,252,221,237,1305,21,23,24,48,69,120,167,318,324,371,439,333,334,2591
2023,14,2023.04.03.,2023.04.09.,12,10,17,20,51,82,113,185,186,157,148,126,88,1195,11,2,15,17,20,42,67,120,132,147,230,267,197,1267,23,12,32,37,71,124,180,305,318,304,378,393,285,2462
2023,15,2023.04.10.,2023.04.16.,18,10,18,20,49,101,118,200,181,176,149,116,82,1238,5,4,6,10,25,32,62,126,130,172,261,232,209,1274,23,14,24,30,74,133,180,326,311,348,410,348,291,2512
2023,16,2023.04.17.,2023.04.23.,18,4,9,32,50,80,125,217,176,153,152,117,74,1207,11,1,9,16,27,48,47,126,138,168,212,231,192,1226,29,5,18,48,77,128,172,343,314,321,364,348,266,2433
2023,17,2023.04.24.,2023.04.30.,14,9,20,32,45,67,97,183,166,150,155,97,78,1113,8,9,13,19,33,33,48,122,109,162,191,260,201,1208,22,18,33,51,78,100,145,305,275,312,346,357,279,2321
2023,18,2023.05.01.,2023.05.07.,17,11,18,31,55,60,106,192,170,179,176,96,79,1190,10,2,7,20,27,27,54,109,144,139,217,219,201,1176,27,13,25,51,82,87,160,301,314,318,393,315,280,2366
2023,19,2023.05.08.,2023.05.14.,15,9,12,33,39,69,108,175,188,144,137,101,53,1083,9,7,4,12,25,32,58,110,122,172,220,188,188,1147,24,16,16,45,64,101,166,285,310,316,357,289,241,2230
2023,20,2023.05.15.,2023.05.21.,28,5,18,29,51,84,130,159,186,150,150,101,54,1145,13,5,7,12,18,35,55,106,124,159,235,197,201,1167,41,10,25,41,69,119,185,265,310,309,385,298,255,2312
2023,21,2023.05.22.,2023.05.28.,18,12,11,32,52,78,84,194,197,135,155,96,70,1134,7,5,6,12,24,35,68,103,116,153,231,195,186,1141,25,17,17,44,76,113,152,297,313,288,386,291,256,2275
2023,22,2023.05.29.,2023.06.04.,17,10,13,36,45,65,97,180,156,159,162,95,61,1096,14,4,4,24,16,33,60,93,139,156,195,207,160,1105,31,14,17,60,61,98,157,273,295,315,357,302,221,2201
2023,23,2023.06.05.,2023.06.11.,11,6,22,28,38,51,106,185,173,169,147,82,65,1083,8,4,11,8,19,27,39,108,126,146,215,204,192,1107,19,10,33,36,57,78,145,293,299,315,362,286,257,2190
2023,24,2023.06.12.,2023.06.18.,16,9,15,27,51,52,104,196,191,160,130,99,65,1115,5,6,8,18,23,24,64,96,135,142,196,174,163,1054,21,15,23,45,74,76,168,292,326,302,326,273,228,2169
2023,25,2023.06.19.,2023.06.25.,28,6,17,37,42,66,108,183,180,190,147,109,62,1175,10,6,5,14,27,33,58,97,139,159,210,194,197,1149,38,12,22,51,69,99,166,280,319,349,357,303,259,2324
2023,26,2023.06.26.,2023.07.02.,27,7,14,25,40,61,98,139,159,133,150,98,59,1010,12,5,5,13,16,37,49,113,125,146,185,184,174,1064,39,12,19,38,56,98,147,252,284,279,335,282,233,2074
2023,27,2023.07.03.,2023.07.09.,23,8,11,30,48,61,106,170,160,150,125,108,66,1066,10,6,9,15,18,31,47,102,142,168,173,198,163,1082,33,14,20,45,66,92,153,272,302,318,298,306,229,2148
2023,28,2023.07.10.,2023.07.16.,21,12,24,33,49,79,120,183,187,139,156,107,58,1168,10,6,7,17,27,44,69,113,140,159,215,215,193,1215,31,18,31,50,76,123,189,296,327,298,371,322,251,2383
2023,29,2023.07.17.,2023.07.23.,14,9,17,39,43,63,74,195,186,153,154,80,59,1086,12,5,3,7,24,29,45,102,148,187,190,212,166,1130,26,14,20,46,67,92,119,297,334,340,344,292,225,2216
2023,30,2023.07.24.,2023.07.30.,19,6,12,27,50,72,97,172,175,146,137,100,48,1061,9,4,3,10,14,34,47,109,123,152,185,220,172,1082,28,10,15,37,64,106,144,281,298,298,322,320,220,2143
2023,31,2023.07.31.,2023.08.06.,18,12,15,27,55,57,96,137,161,158,123,91,59,1009,8,0,4,12,21,35,47,87,123,138,162,185,171,993,26,12,19,39,76,92,143,224,284,296,285,276,230,2002
2023,32,2023.08.07.,2023.08.13.,23,7,13,24,41,57,95,165,158,160,126,100,43,1012,12,5,5,10,21,26,57,100,104,138,196,180,165,1019,35,12,18,34,62,83,152,265,262,298,322,280,208,2031
2023,33,2023.08.14.,2023.08.20.,23,4,18,24,56,64,94,189,177,161,149,107,62,1128,10,5,11,15,26,36,40,93,135,178,232,253,212,1246,33,9,29,39,82,100,134,282,312,339,381,360,274,2374
2023,34,2023.08.21.,2023.08.27.,16,10,8,27,59,72,100,202,173,160,146,108,77,1158,7,2,8,10,23,38,38,114,157,187,239,259,205,1287,23,12,16,37,82,110,138,316,330,347,385,367,282,2445
2023,35,2023.08.28.,2023.09.03.,24,8,13,29,53,54,116,165,155,150,126,78,50,1021,8,10,7,7,23,36,54,109,133,139,206,215,170,1117,32,18,20,36,76,90,170,274,288,289,332,293,220,2138
2023,36,2023.09.04.,2023.09.10.,20,6,13,31,34,71,86,171,195,152,152,106,60,1097,5,5,3,16,17,43,49,87,140,142,197,199,172,1075,25,11,16,47,51,114,135,258,335,294,349,305,232,2172
2023,37,2023.09.11.,2023.09.17.,18,10,14,28,44,69,116,180,187,143,157,102,85,1153,5,4,7,15,15,29,59,99,128,164,190,195,177,1087,23,14,21,43,59,98,175,279,315,307,347,297,262,2240
2023,38,2023.09.18.,2023.09.24.,21,10,14,42,47,57,92,149,131,160,142,109,62,1036,12,4,8,16,16,45,59,98,141,160,204,200,170,1133,33,14,22,58,63,102,151,247,272,320,346,309,232,2169
2023,39,2023.09.25.,2023.10.01.,17,6,13,31,38,67,101,142,176,182,149,83,56,1061,10,5,6,7,19,34,57,92,128,152,184,181,169,1044,27,11,19,38,57,101,158,234,304,334,333,264,225,2105
2023,40,2023.10.02.,2023.10.08.,13,7,18,27,38,58,99,184,197,207,150,102,56,1156,7,5,9,16,23,34,61,101,132,138,205,235,202,1168,20,12,27,43,61,92,160,285,329,345,355,337,258,2324
2023,41,2023.10.09.,2023.10.15.,31,12,14,22,43,70,119,184,183,197,173,95,64,1207,9,7,11,11,19,50,59,110,144,199,241,253,213,1326,40,19,25,33,62,120,178,294,327,396,414,348,277,2533
2023,42,2023.10.16.,2023.10.22.,21,6,14,28,45,82,110,189,189,197,161,105,70,1217,14,6,16,19,19,41,53,119,135,164,219,256,225,1286,35,12,30,47,64,123,163,308,324,361,380,361,295,2503
2023,43,2023.10.23.,2023.10.29.,21,7,15,38,36,67,102,189,181,194,159,130,85,1224,10,4,3,16,22,30,61,119,169,201,254,226,247,1362,31,11,18,54,58,97,163,308,350,395,413,356,332,2586
2023,44,2023.10.30.,2023.11.05.,19,9,13,39,45,61,95,167,218,166,192,114,79,1217,15,5,12,14,26,27,59,104,133,184,222,225,246,1272,34,14,25,53,71,88,154,271,351,350,414,339,325,2489
2023,45,2023.11.06.,2023.11.12.,14,6,12,37,46,69,105,185,180,175,181,116,60,1186,12,6,5,16,22,37,55,117,145,165,238,226,207,1251,26,12,17,53,68,106,160,302,325,340,419,342,267,2437
2023,46,2023.11.13.,2023.11.19.,20,6,15,29,48,69,109,164,196,171,152,109,56,1144,6,1,3,17,25,38,67,123,159,191,202,253,232,1317,26,7,18,46,73,107,176,287,355,362,354,362,288,2461
2023,47,2023.11.20.,2023.11.26.,22,12,21,39,55,84,130,200,187,190,166,128,75,1309,11,7,7,22,19,32,52,110,149,161,234,246,237,1287,33,19,28,61,74,116,182,310,336,351,400,374,312,2596
2023,48,2023.11.27.,2023.12.03.,17,11,18,28,48,60,112,205,238,221,177,137,103,1375,7,6,5,12,24,31,49,97,140,217,237,251,230,1306,24,17,23,40,72,91,161,302,378,438,414,388,333,2681
2023,49,2023.12.04.,2023.12.10.,19,4,19,31,56,84,151,199,246,201,191,121,94,1416,6,4,8,15,28,38,58,146,139,196,278,266,243,1425,25,8,27,46,84,122,209,345,385,397,469,387,337,2841
2023,50,2023.12.11.,2023.12.17.,18,13,17,25,57,88,125,220,206,227,166,158,82,1402,6,6,8,25,23,39,66,133,172,202,270,253,262,1465,24,19,25,50,80,127,191,353,378,429,436,411,344,2867
2023,51,2023.12.18.,2023.12.24.,24,11,15,32,58,91,120,205,236,215,193,146,100,1446,13,7,11,13,28,39,71,136,201,234,230,275,284,1542,37,18,26,45,86,130,191,341,437,449,423,421,384,2988
2023,52,2023.12.25.,2023.12.31.,14,7,16,34,54,88,132,203,217,178,180,153,99,1375,10,6,5,17,28,33,60,129,172,202,261,276,255,1454,24,13,21,51,82,121,192,332,389,380,441,429,354,2829
2024,1,2024.01.01.,2024.01.07.,21,8,18,38,64,78,121,200,197,182,199,122,73,1321,8,6,4,20,22,36,55,116,171,209,283,285,241,1456,29,14,22,58,86,114,176,316,368,391,482,407,314,2779
2024,2,2024.01.08.,2024.01.14.,19,11,17,28,53,89,113,198,213,211,187,120,75,1334,11,6,9,19,19,43,57,119,151,179,239,257,243,1352,30,17,26,47,72,132,170,317,364,390,426,377,318,2688
2024,3,2024.01.15.,2024.01.21.,16,19,12,31,52,91,144,205,237,197,170,150,66,1390,8,7,7,14,22,44,69,130,175,189,244,272,215,1396,24,26,19,45,74,135,213,335,412,386,414,422,281,2789
2024,4,2024.01.22.,2024.01.28.,18,6,6,42,44,80,114,201,209,197,196,128,85,1326,13,5,5,15,18,30,65,99,174,215,261,244,203,1347,31,11,11,57,62,110,179,300,383,412,457,372,288,2675
2024,5,2024.01.29.,2024.02.04.,16,7,10,25,61,78,124,172,183,191,194,122,87,1270,12,6,13,13,25,33,76,143,159,218,257,264,242,1461,28,13,23,38,86,111,200,315,342,409,451,386,329,2740
2024,6,2024.02.05.,2024.02.11.,25,10,18,38,52,90,120,186,209,191,184,147,79,1349,15,3,8,16,19,55,65,135,161,202,238,269,253,1439,40,13,26,54,71,145,185,321,370,393,422,416,332,2809
2024,7,2024.02.12.,2024.02.18.,23,8,15,27,53,91,109,173,206,165,180,116,72,1238,6,8,11,8,25,43,71,117,135,188,245,236,214,1307,29,16,26,35,78,134,180,290,341,353,425,352,286,2568
2024,8,2024.02.19.,2024.02.25.,19,8,20,31,55,71,117,192,204,172,160,106,83,1238,9,3,7,15,19,32,64,127,146,193,246,233,191,1285,28,11,27,46,74,103,181,319,350,365,406,339,274,2554
2024,9,2024.02.26.,2024.03.03.,21,3,10,27,53,70,105,173,180,182,148,123,84,1179,7,0,6,13,20,34,58,107,169,168,225,255,218,1280,28,3,16,40,73,104,163,280,349,350,373,378,302,2522
2024,10,2024.03.04.,2024.03.10.,17,6,16,32,41,68,82,195,166,148,174,107,57,1109,7,3,8,12,22,27,58,108,151,159,223,204,194,1176,24,9,24,44,63,95,140,303,317,307,397,311,251,2373
2024,11,2024.03.11.,2024.03.17.,15,7,15,21,37,75,93,183,192,164,139,105,60,1106,8,5,12,20,19,35,52,89,144,172,203,215,201,1175,23,12,27,41,56,110,145,272,336,336,342,320,261,2492
